Segment,Country, Product , Discount Band , Units Sold , Manufacturing Price , Sale Price , Gross Sales , Discounts ,  Sales , COGS , Profit ,Date,Month Number, Month Name ,Year
Government,Canada, Carretera , None ,"1,618.50",3,20,32370.00, -   ,32370.00,16185.00,16185.00,1/1/2014,1, January ,2014
Government,Germany, Carretera , None ,"1,321.00",3,20,26420.00, -   ,26420.00,13210.00,13210.00,1/1/2014,1, January ,2014
Midmarket,France, Carretera , None ,"2,178.00",3,15,32670.00, -   ,32670.00,21780.00,10890.00,1/6/2014,6, June ,2014
Midmarket,Germany, Carretera , None ,888,3,15,13320.00, -   ,13320.00,8880.00,4440.00,1/6/2014,6, June ,2014
Midmarket,Mexico, Carretera , None ,"2,470.00",3,15,37050.00, -   ,37050.00,24700.00,12350.00,1/6/2014,6, June ,2014
Government,Germany, Carretera , None ,"1,513.00",3,350," 5,29,550.00 ", -   ," 5,29,550.00 "," 3,93,380.00 "," 1,36,170.00 ",1/12/2014,12, December ,2014
Midmarket,Germany, Montana , None ,921,5,15,13815.00, -   ,13815.00,9210.00,4605.00,1/3/2014,3, March ,2014
Channel Partners,Canada, Montana , None ,"2,518.00",5,12,30216.00, -   ,30216.00,7554.00,22662.00,1/6/2014,6, June ,2014
Government,France, Montana , None ,"1,899.00",5,20,37980.00, -   ,37980.00,18990.00,18990.00,1/6/2014,6, June ,2014
Channel Partners,Germany, Montana , None ,"1,545.00",5,12,18540.00, -   ,18540.00,4635.00,13905.00,1/6/2014,6, June ,2014
Midmarket,Mexico, Montana , None ,"2,470.00",5,15,37050.00, -   ,37050.00,24700.00,12350.00,1/6/2014,6, June ,2014
Enterprise,Canada, Montana , None ,"2,665.50",5,125," 3,33,187.50 ", -   ," 3,33,187.50 "," 3,19,860.00 ",13327.50,1/7/2014,7, July ,2014
Small Business,Mexico, Montana , None ,958,5,300," 2,87,400.00 ", -   ," 2,87,400.00 "," 2,39,500.00 ",47900.00,1/8/2014,8, August ,2014
Government,Germany, Montana , None ,"2,146.00",5,7,15022.00, -   ,15022.00,10730.00,4292.00,1/9/2014,9, September ,2014
Enterprise,Canada, Montana , None ,345,5,125,43125.00, -   ,43125.00,41400.00,1725.00,1/10/2013,10, October ,2013
Midmarket,United States of America, Montana , None ,615,5,15,9225.00, -   ,9225.00,6150.00,3075.00,1/12/2014,12, December ,2014
Government,Canada, Paseo , None ,292,10,20,5840.00, -   ,5840.00,2920.00,2920.00,1/2/2014,2, February ,2014
Midmarket,Mexico, Paseo , None ,974,10,15,14610.00, -   ,14610.00,9740.00,4870.00,1/2/2014,2, February ,2014
Channel Partners,Canada, Paseo , None ,"2,518.00",10,12,30216.00, -   ,30216.00,7554.00,22662.00,1/6/2014,6, June ,2014
Government,Germany, Paseo , None ,"1,006.00",10,350," 3,52,100.00 ", -   ," 3,52,100.00 "," 2,61,560.00 ",90540.00,1/6/2014,6, June ,2014
Channel Partners,Germany, Paseo , None ,367,10,12,4404.00, -   ,4404.00,1101.00,3303.00,1/7/2014,7, July ,2014
Government,Mexico, Paseo , None ,883,10,7,6181.00, -   ,6181.00,4415.00,1766.00,1/8/2014,8, August ,2014
Midmarket,France, Paseo , None ,549,10,15,8235.00, -   ,8235.00,5490.00,2745.00,1/9/2013,9, September ,2013
Small Business,Mexico, Paseo , None ,788,10,300," 2,36,400.00 ", -   ," 2,36,400.00 "," 1,97,000.00 ",39400.00,1/9/2013,9, September ,2013
Midmarket,Mexico, Paseo , None ,"2,472.00",10,15,37080.00, -   ,37080.00,24720.00,12360.00,1/9/2014,9, September ,2014
Government,United States of America, Paseo , None ,"1,143.00",10,7,8001.00, -   ,8001.00,5715.00,2286.00,1/10/2014,10, October ,2014
Government,Canada, Paseo , None ,"1,725.00",10,350," 6,03,750.00 ", -   ," 6,03,750.00 "," 4,48,500.00 "," 1,55,250.00 ",1/11/2013,11, November ,2013
Channel Partners,United States of America, Paseo , None ,912,10,12,10944.00, -   ,10944.00,2736.00,8208.00,1/11/2013,11, November ,2013
Midmarket,Canada, Paseo , None ,"2,152.00",10,15,32280.00, -   ,32280.00,21520.00,10760.00,1/12/2013,12, December ,2013
Government,Canada, Paseo , None ,"1,817.00",10,20,36340.00, -   ,36340.00,18170.00,18170.00,1/12/2014,12, December ,2014
Government,Germany, Paseo , None ,"1,513.00",10,350," 5,29,550.00 ", -   ," 5,29,550.00 "," 3,93,380.00 "," 1,36,170.00 ",1/12/2014,12, December ,2014
Government,Mexico, Velo , None ,"1,493.00",120,7,10451.00, -   ,10451.00,7465.00,2986.00,1/1/2014,1, January ,2014
Enterprise,France, Velo , None ,"1,804.00",120,125," 2,25,500.00 ", -   ," 2,25,500.00 "," 2,16,480.00 ",9020.00,1/2/2014,2, February ,2014
Channel Partners,Germany, Velo , None ,"2,161.00",120,12,25932.00, -   ,25932.00,6483.00,19449.00,1/3/2014,3, March ,2014
Government,Germany, Velo , None ,"1,006.00",120,350," 3,52,100.00 ", -   ," 3,52,100.00 "," 2,61,560.00 ",90540.00,1/6/2014,6, June ,2014
Channel Partners,Germany, Velo , None ,"1,545.00",120,12,18540.00, -   ,18540.00,4635.00,13905.00,1/6/2014,6, June ,2014
Enterprise,United States of America, Velo , None ,"2,821.00",120,125," 3,52,625.00 ", -   ," 3,52,625.00 "," 3,38,520.00 ",14105.00,1/8/2014,8, August ,2014
Enterprise,Canada, Velo , None ,345,120,125,43125.00, -   ,43125.00,41400.00,1725.00,1/10/2013,10, October ,2013
Small Business,Canada, VTT , None ,"2,001.00",250,300," 6,00,300.00 ", -   ," 6,00,300.00 "," 5,00,250.00 "," 1,00,050.00 ",1/2/2014,2, February ,2014
Channel Partners,Germany, VTT , None ,"2,838.00",250,12,34056.00, -   ,34056.00,8514.00,25542.00,1/4/2014,4, April ,2014
Midmarket,France, VTT , None ,"2,178.00",250,15,32670.00, -   ,32670.00,21780.00,10890.00,1/6/2014,6, June ,2014
Midmarket,Germany, VTT , None ,888,250,15,13320.00, -   ,13320.00,8880.00,4440.00,1/6/2014,6, June ,2014
Government,France, VTT , None ,"1,527.00",250,350," 5,34,450.00 ", -   ," 5,34,450.00 "," 3,97,020.00 "," 1,37,430.00 ",1/9/2013,9, September ,2013
Small Business,France, VTT , None ,"2,151.00",250,300," 6,45,300.00 ", -   ," 6,45,300.00 "," 5,37,750.00 "," 1,07,550.00 ",1/9/2014,9, September ,2014
Government,Canada, VTT , None ,"1,817.00",250,20,36340.00, -   ,36340.00,18170.00,18170.00,1/12/2014,12, December ,2014
Government,France, Amarilla , None ,"2,750.00",260,350," 9,62,500.00 ", -   ," 9,62,500.00 "," 7,15,000.00 "," 2,47,500.00 ",1/2/2014,2, February ,2014
Channel Partners,United States of America, Amarilla , None ,"1,953.00",260,12,23436.00, -   ,23436.00,5859.00,17577.00,1/4/2014,4, April ,2014
Enterprise,Germany, Amarilla , None ,"4,219.50",260,125," 5,27,437.50 ", -   ," 5,27,437.50 "," 5,06,340.00 ",21097.50,1/4/2014,4, April ,2014
Government,France, Amarilla , None ,"1,899.00",260,20,37980.00, -   ,37980.00,18990.00,18990.00,1/6/2014,6, June ,2014
Government,Germany, Amarilla , None ,"1,686.00",260,7,11802.00, -   ,11802.00,8430.00,3372.00,1/7/2014,7, July ,2014
Channel Partners,United States of America, Amarilla , None ,"2,141.00",260,12,25692.00, -   ,25692.00,6423.00,19269.00,1/8/2014,8, August ,2014
Government,United States of America, Amarilla , None ,"1,143.00",260,7,8001.00, -   ,8001.00,5715.00,2286.00,1/10/2014,10, October ,2014
Midmarket,United States of America, Amarilla , None ,615,260,15,9225.00, -   ,9225.00,6150.00,3075.00,1/12/2014,12, December ,2014
Government,France, Paseo , Low ,"3,945.00",10,7,27615.00,276.15,27338.85,19725.00,7613.85,1/1/2014,1, January ,2014
Midmarket,France, Paseo , Low ,"2,296.00",10,15,34440.00,344.4,34095.60,22960.00,11135.60,1/2/2014,2, February ,2014
Government,France, Paseo , Low ,"1,030.00",10,7,7210.00,72.1,7137.90,5150.00,1987.90,1/5/2014,5, May ,2014
Government,France, Velo , Low ,639,120,7,4473.00,44.73,4428.27,3195.00,1233.27,1/11/2014,11, November ,2014
Government,Canada, VTT , Low ,"1,326.00",250,7,9282.00,92.82,9189.18,6630.00,2559.18,1/3/2014,3, March ,2014
Channel Partners,United States of America, Carretera , Low ,"1,858.00",3,12,22296.00,222.96,22073.04,5574.00,16499.04,1/2/2014,2, February ,2014
Government,Mexico, Carretera , Low ,"1,210.00",3,350," 4,23,500.00 ","4,235.00"," 4,19,265.00 "," 3,14,600.00 "," 1,04,665.00 ",1/3/2014,3, March ,2014
Government,United States of America, Carretera , Low ,"2,529.00",3,7,17703.00,177.03,17525.97,12645.00,4880.97,1/7/2014,7, July ,2014
Channel Partners,Canada, Carretera , Low ,"1,445.00",3,12,17340.00,173.4,17166.60,4335.00,12831.60,1/9/2014,9, September ,2014
Enterprise,United States of America, Carretera , Low ,330,3,125,41250.00,412.5,40837.50,39600.00,1237.50,1/9/2013,9, September ,2013
Channel Partners,France, Carretera , Low ,"2,671.00",3,12,32052.00,320.52,31731.48,8013.00,23718.48,1/9/2014,9, September ,2014
Channel Partners,Germany, Carretera , Low ,766,3,12,9192.00,91.92,9100.08,2298.00,6802.08,1/10/2013,10, October ,2013
Small Business,Mexico, Carretera , Low ,494,3,300," 1,48,200.00 ","1,482.00"," 1,46,718.00 "," 1,23,500.00 ",23218.00,1/10/2013,10, October ,2013
Government,Mexico, Carretera , Low ,"1,397.00",3,350," 4,88,950.00 ","4,889.50"," 4,84,060.50 "," 3,63,220.00 "," 1,20,840.50 ",1/10/2014,10, October ,2014
Government,France, Carretera , Low ,"2,155.00",3,350," 7,54,250.00 ","7,542.50"," 7,46,707.50 "," 5,60,300.00 "," 1,86,407.50 ",1/12/2014,12, December ,2014
Midmarket,Mexico, Montana , Low ,"2,214.00",5,15,33210.00,332.1,32877.90,22140.00,10737.90,1/3/2014,3, March ,2014
Small Business,United States of America, Montana , Low ,"2,301.00",5,300," 6,90,300.00 ","6,903.00"," 6,83,397.00 "," 5,75,250.00 "," 1,08,147.00 ",1/4/2014,4, April ,2014
Government,France, Montana , Low ,"1,375.50",5,20,27510.00,275.1,27234.90,13755.00,13479.90,1/7/2014,7, July ,2014
Government,Canada, Montana , Low ,"1,830.00",5,7,12810.00,128.1,12681.90,9150.00,3531.90,1/8/2014,8, August ,2014
Small Business,United States of America, Montana , Low ,"2,498.00",5,300," 7,49,400.00 ","7,494.00"," 7,41,906.00 "," 6,24,500.00 "," 1,17,406.00 ",1/9/2013,9, September ,2013
Enterprise,United States of America, Montana , Low ,663,5,125,82875.00,828.75,82046.25,79560.00,2486.25,1/10/2013,10, October ,2013
Midmarket,United States of America, Paseo , Low ,"1,514.00",10,15,22710.00,227.1,22482.90,15140.00,7342.90,1/2/2014,2, February ,2014
Government,United States of America, Paseo , Low ,"4,492.50",10,7,31447.50,314.48,31133.03,22462.50,8670.53,1/4/2014,4, April ,2014
Enterprise,United States of America, Paseo , Low ,727,10,125,90875.00,908.75,89966.25,87240.00,2726.25,1/6/2014,6, June ,2014
Enterprise,France, Paseo , Low ,787,10,125,98375.00,983.75,97391.25,94440.00,2951.25,1/6/2014,6, June ,2014
Enterprise,Mexico, Paseo , Low ,"1,823.00",10,125," 2,27,875.00 ","2,278.75"," 2,25,596.25 "," 2,18,760.00 ",6836.25,1/7/2014,7, July ,2014
Midmarket,Germany, Paseo , Low ,747,10,15,11205.00,112.05,11092.95,7470.00,3622.95,1/9/2014,9, September ,2014
Channel Partners,Germany, Paseo , Low ,766,10,12,9192.00,91.92,9100.08,2298.00,6802.08,1/10/2013,10, October ,2013
Small Business,United States of America, Paseo , Low ,"2,905.00",10,300," 8,71,500.00 ","8,715.00"," 8,62,785.00 "," 7,26,250.00 "," 1,36,535.00 ",1/11/2014,11, November ,2014
Government,France, Paseo , Low ,"2,155.00",10,350," 7,54,250.00 ","7,542.50"," 7,46,707.50 "," 5,60,300.00 "," 1,86,407.50 ",1/12/2014,12, December ,2014
Government,France, Velo , Low ,"3,864.00",120,20,77280.00,772.8,76507.20,38640.00,37867.20,1/4/2014,4, April ,2014
Government,Mexico, Velo , Low ,362,120,7,2534.00,25.34,2508.66,1810.00,698.66,1/5/2014,5, May ,2014
Enterprise,Canada, Velo , Low ,923,120,125," 1,15,375.00 ","1,153.75"," 1,14,221.25 "," 1,10,760.00 ",3461.25,1/8/2014,8, August ,2014
Enterprise,United States of America, Velo , Low ,663,120,125,82875.00,828.75,82046.25,79560.00,2486.25,1/10/2013,10, October ,2013
Government,Canada, Velo , Low ,"2,092.00",120,7,14644.00,146.44,14497.56,10460.00,4037.56,1/11/2013,11, November ,2013
Government,Germany, VTT , Low ,263,250,7,1841.00,18.41,1822.59,1315.00,507.59,1/3/2014,3, March ,2014
Government,Canada, VTT , Low ,943.5,250,350," 3,30,225.00 ","3,302.25"," 3,26,922.75 "," 2,45,310.00 ",81612.75,1/4/2014,4, April ,2014
Enterprise,United States of America, VTT , Low ,727,250,125,90875.00,908.75,89966.25,87240.00,2726.25,1/6/2014,6, June ,2014
Enterprise,France, VTT , Low ,787,250,125,98375.00,983.75,97391.25,94440.00,2951.25,1/6/2014,6, June ,2014
Small Business,Germany, VTT , Low ,986,250,300," 2,95,800.00 ","2,958.00"," 2,92,842.00 "," 2,46,500.00 ",46342.00,1/9/2014,9, September ,2014
Small Business,Mexico, VTT , Low ,494,250,300," 1,48,200.00 ","1,482.00"," 1,46,718.00 "," 1,23,500.00 ",23218.00,1/10/2013,10, October ,2013
Government,Mexico, VTT , Low ,"1,397.00",250,350," 4,88,950.00 ","4,889.50"," 4,84,060.50 "," 3,63,220.00 "," 1,20,840.50 ",1/10/2014,10, October ,2014
Enterprise,France, VTT , Low ,"1,744.00",250,125," 2,18,000.00 ","2,180.00"," 2,15,820.00 "," 2,09,280.00 ",6540.00,1/11/2014,11, November ,2014
Channel Partners,United States of America, Amarilla , Low ,"1,989.00",260,12,23868.00,238.68,23629.32,5967.00,17662.32,1/9/2013,9, September ,2013
Midmarket,France, Amarilla , Low ,321,260,15,4815.00,48.15,4766.85,3210.00,1556.85,1/11/2013,11, November ,2013
Enterprise,Canada, Carretera , Low ,742.5,3,125,92812.50,"1,856.25",90956.25,89100.00,1856.25,1/4/2014,4, April ,2014
Channel Partners,Canada, Carretera , Low ,"1,295.00",3,12,15540.00,310.8,15229.20,3885.00,11344.20,1/10/2014,10, October ,2014
Small Business,Germany, Carretera , Low ,214,3,300,64200.00,"1,284.00",62916.00,53500.00,9416.00,1/10/2013,10, October ,2013
Government,France, Carretera , Low ,"2,145.00",3,7,15015.00,300.3,14714.70,10725.00,3989.70,1/11/2013,11, November ,2013
Government,Canada, Carretera , Low ,"2,852.00",3,350," 9,98,200.00 ","19,964.00"," 9,78,236.00 "," 7,41,520.00 "," 2,36,716.00 ",1/12/2014,12, December ,2014
Channel Partners,United States of America, Montana , Low ,"1,142.00",5,12,13704.00,274.08,13429.92,3426.00,10003.92,1/6/2014,6, June ,2014
Government,United States of America, Montana , Low ,"1,566.00",5,20,31320.00,626.4,30693.60,15660.00,15033.60,1/10/2014,10, October ,2014
Channel Partners,Mexico, Montana , Low ,690,5,12,8280.00,165.6,8114.40,2070.00,6044.40,1/11/2014,11, November ,2014
Enterprise,Mexico, Montana , Low ,"1,660.00",5,125," 2,07,500.00 ","4,150.00"," 2,03,350.00 "," 1,99,200.00 ",4150.00,1/11/2013,11, November ,2013
Midmarket,Canada, Paseo , Low ,"2,363.00",10,15,35445.00,708.9,34736.10,23630.00,11106.10,1/2/2014,2, February ,2014
Small Business,France, Paseo , Low ,918,10,300," 2,75,400.00 ","5,508.00"," 2,69,892.00 "," 2,29,500.00 ",40392.00,1/5/2014,5, May ,2014
Small Business,Germany, Paseo , Low ,"1,728.00",10,300," 5,18,400.00 ","10,368.00"," 5,08,032.00 "," 4,32,000.00 ",76032.00,1/5/2014,5, May ,2014
Channel Partners,United States of America, Paseo , Low ,"1,142.00",10,12,13704.00,274.08,13429.92,3426.00,10003.92,1/6/2014,6, June ,2014
Enterprise,Mexico, Paseo , Low ,662,10,125,82750.00,"1,655.00",81095.00,79440.00,1655.00,1/6/2014,6, June ,2014
Channel Partners,Canada, Paseo , Low ,"1,295.00",10,12,15540.00,310.8,15229.20,3885.00,11344.20,1/10/2014,10, October ,2014
Enterprise,Germany, Paseo , Low ,809,10,125," 1,01,125.00 ","2,022.50",99102.50,97080.00,2022.50,1/10/2013,10, October ,2013
Enterprise,Mexico, Paseo , Low ,"2,145.00",10,125," 2,68,125.00 ","5,362.50"," 2,62,762.50 "," 2,57,400.00 ",5362.50,1/10/2013,10, October ,2013
Channel Partners,France, Paseo , Low ,"1,785.00",10,12,21420.00,428.4,20991.60,5355.00,15636.60,1/11/2013,11, November ,2013
Small Business,Canada, Paseo , Low ,"1,916.00",10,300," 5,74,800.00 ","11,496.00"," 5,63,304.00 "," 4,79,000.00 ",84304.00,1/12/2014,12, December ,2014
Government,Canada, Paseo , Low ,"2,852.00",10,350," 9,98,200.00 ","19,964.00"," 9,78,236.00 "," 7,41,520.00 "," 2,36,716.00 ",1/12/2014,12, December ,2014
Enterprise,Canada, Paseo , Low ,"2,729.00",10,125," 3,41,125.00 ","6,822.50"," 3,34,302.50 "," 3,27,480.00 ",6822.50,1/12/2014,12, December ,2014
Midmarket,United States of America, Paseo , Low ,"1,925.00",10,15,28875.00,577.5,28297.50,19250.00,9047.50,1/12/2013,12, December ,2013
Government,United States of America, Paseo , Low ,"2,013.00",10,7,14091.00,281.82,13809.18,10065.00,3744.18,1/12/2013,12, December ,2013
Channel Partners,France, Paseo , Low ,"1,055.00",10,12,12660.00,253.2,12406.80,3165.00,9241.80,1/12/2014,12, December ,2014
Channel Partners,Mexico, Paseo , Low ,"1,084.00",10,12,13008.00,260.16,12747.84,3252.00,9495.84,1/12/2014,12, December ,2014
Government,United States of America, Velo , Low ,"1,566.00",120,20,31320.00,626.4,30693.60,15660.00,15033.60,1/10/2014,10, October ,2014
Government,Germany, Velo , Low ,"2,966.00",120,350," 10,38,100.00 ","20,762.00"," 10,17,338.00 "," 7,71,160.00 "," 2,46,178.00 ",1/10/2013,10, October ,2013
Government,Germany, Velo , Low ,"2,877.00",120,350," 10,06,950.00 ","20,139.00"," 9,86,811.00 "," 7,48,020.00 "," 2,38,791.00 ",1/10/2014,10, October ,2014
Enterprise,Germany, Velo , Low ,809,120,125," 1,01,125.00 ","2,022.50",99102.50,97080.00,2022.50,1/10/2013,10, October ,2013
Enterprise,Mexico, Velo , Low ,"2,145.00",120,125," 2,68,125.00 ","5,362.50"," 2,62,762.50 "," 2,57,400.00 ",5362.50,1/10/2013,10, October ,2013
Channel Partners,France, Velo , Low ,"1,055.00",120,12,12660.00,253.2,12406.80,3165.00,9241.80,1/12/2014,12, December ,2014
Government,Mexico, Velo , Low ,544,120,20,10880.00,217.6,10662.40,5440.00,5222.40,1/12/2013,12, December ,2013
Channel Partners,Mexico, Velo , Low ,"1,084.00",120,12,13008.00,260.16,12747.84,3252.00,9495.84,1/12/2014,12, December ,2014
Enterprise,Mexico, VTT , Low ,662,250,125,82750.00,"1,655.00",81095.00,79440.00,1655.00,1/6/2014,6, June ,2014
Small Business,Germany, VTT , Low ,214,250,300,64200.00,"1,284.00",62916.00,53500.00,9416.00,1/10/2013,10, October ,2013
Government,Germany, VTT , Low ,"2,877.00",250,350," 10,06,950.00 ","20,139.00"," 9,86,811.00 "," 7,48,020.00 "," 2,38,791.00 ",1/10/2014,10, October ,2014
Enterprise,Canada, VTT , Low ,"2,729.00",250,125," 3,41,125.00 ","6,822.50"," 3,34,302.50 "," 3,27,480.00 ",6822.50,1/12/2014,12, December ,2014
Government,United States of America, VTT , Low ,266,250,350,93100.00,"1,862.00",91238.00,69160.00,22078.00,1/12/2013,12, December ,2013
Government,Mexico, VTT , Low ,"1,940.00",250,350," 6,79,000.00 ","13,580.00"," 6,65,420.00 "," 5,04,400.00 "," 1,61,020.00 ",1/12/2013,12, December ,2013
Small Business,Germany, Amarilla , Low ,259,260,300,77700.00,"1,554.00",76146.00,64750.00,11396.00,1/3/2014,3, March ,2014
Small Business,Mexico, Amarilla , Low ,"1,101.00",260,300," 3,30,300.00 ","6,606.00"," 3,23,694.00 "," 2,75,250.00 ",48444.00,1/3/2014,3, March ,2014
Enterprise,Germany, Amarilla , Low ,"2,276.00",260,125," 2,84,500.00 ","5,690.00"," 2,78,810.00 "," 2,73,120.00 ",5690.00,1/5/2014,5, May ,2014
Government,Germany, Amarilla , Low ,"2,966.00",260,350," 10,38,100.00 ","20,762.00"," 10,17,338.00 "," 7,71,160.00 "," 2,46,178.00 ",1/10/2013,10, October ,2013
Government,United States of America, Amarilla , Low ,"1,236.00",260,20,24720.00,494.4,24225.60,12360.00,11865.60,1/11/2014,11, November ,2014
Government,France, Amarilla , Low ,941,260,20,18820.00,376.4,18443.60,9410.00,9033.60,1/11/2014,11, November ,2014
Small Business,Canada, Amarilla , Low ,"1,916.00",260,300," 5,74,800.00 ","11,496.00"," 5,63,304.00 "," 4,79,000.00 ",84304.00,1/12/2014,12, December ,2014
Enterprise,France, Carretera , Low ,"4,243.50",3,125," 5,30,437.50 ","15,913.13"," 5,14,524.38 "," 5,09,220.00 ",5304.38,1/4/2014,4, April ,2014
Government,Germany, Carretera , Low ,"2,580.00",3,20,51600.00,"1,548.00",50052.00,25800.00,24252.00,1/4/2014,4, April ,2014
Small Business,Germany, Carretera , Low ,689,3,300," 2,06,700.00 ","6,201.00"," 2,00,499.00 "," 1,72,250.00 ",28249.00,1/6/2014,6, June ,2014
Channel Partners,United States of America, Carretera , Low ,"1,947.00",3,12,23364.00,700.92,22663.08,5841.00,16822.08,1/9/2014,9, September ,2014
Channel Partners,Canada, Carretera , Low ,908,3,12,10896.00,326.88,10569.12,2724.00,7845.12,1/12/2013,12, December ,2013
Government,Germany, Montana , Low ,"1,958.00",5,7,13706.00,411.18,13294.82,9790.00,3504.82,1/2/2014,2, February ,2014
Channel Partners,France, Montana , Low ,"1,901.00",5,12,22812.00,684.36,22127.64,5703.00,16424.64,1/6/2014,6, June ,2014
Government,France, Montana , Low ,544,5,7,3808.00,114.24,3693.76,2720.00,973.76,1/9/2014,9, September ,2014
Government,Germany, Montana , Low ,"1,797.00",5,350," 6,28,950.00 ","18,868.50"," 6,10,081.50 "," 4,67,220.00 "," 1,42,861.50 ",1/9/2013,9, September ,2013
Enterprise,France, Montana , Low ,"1,287.00",5,125," 1,60,875.00 ","4,826.25"," 1,56,048.75 "," 1,54,440.00 ",1608.75,1/12/2014,12, December ,2014
Enterprise,Germany, Montana , Low ,"1,706.00",5,125," 2,13,250.00 ","6,397.50"," 2,06,852.50 "," 2,04,720.00 ",2132.50,1/12/2014,12, December ,2014
Small Business,France, Paseo , Low ,"2,434.50",10,300," 7,30,350.00 ","21,910.50"," 7,08,439.50 "," 6,08,625.00 ",99814.50,1/1/2014,1, January ,2014
Enterprise,Canada, Paseo , Low ,"1,774.00",10,125," 2,21,750.00 ","6,652.50"," 2,15,097.50 "," 2,12,880.00 ",2217.50,1/3/2014,3, March ,2014
Channel Partners,France, Paseo , Low ,"1,901.00",10,12,22812.00,684.36,22127.64,5703.00,16424.64,1/6/2014,6, June ,2014
Small Business,Germany, Paseo , Low ,689,10,300," 2,06,700.00 ","6,201.00"," 2,00,499.00 "," 1,72,250.00 ",28249.00,1/6/2014,6, June ,2014
Enterprise,Germany, Paseo , Low ,"1,570.00",10,125," 1,96,250.00 ","5,887.50"," 1,90,362.50 "," 1,88,400.00 ",1962.50,1/6/2014,6, June ,2014
Channel Partners,United States of America, Paseo , Low ,"1,369.50",10,12,16434.00,493.02,15940.98,4108.50,11832.48,1/7/2014,7, July ,2014
Enterprise,Canada, Paseo , Low ,"2,009.00",10,125," 2,51,125.00 ","7,533.75"," 2,43,591.25 "," 2,41,080.00 ",2511.25,1/10/2014,10, October ,2014
Midmarket,Germany, Paseo , Low ,"1,945.00",10,15,29175.00,875.25,28299.75,19450.00,8849.75,1/10/2013,10, October ,2013
Enterprise,France, Paseo , Low ,"1,287.00",10,125," 1,60,875.00 ","4,826.25"," 1,56,048.75 "," 1,54,440.00 ",1608.75,1/12/2014,12, December ,2014
Enterprise,Germany, Paseo , Low ,"1,706.00",10,125," 2,13,250.00 ","6,397.50"," 2,06,852.50 "," 2,04,720.00 ",2132.50,1/12/2014,12, December ,2014
Enterprise,Canada, Velo , Low ,"2,009.00",120,125," 2,51,125.00 ","7,533.75"," 2,43,591.25 "," 2,41,080.00 ",2511.25,1/10/2014,10, October ,2014
Small Business,United States of America, VTT , Low ,"2,844.00",250,300," 8,53,200.00 ","25,596.00"," 8,27,604.00 "," 7,11,000.00 "," 1,16,604.00 ",1/2/2014,2, February ,2014
Channel Partners,Mexico, VTT , Low ,"1,916.00",250,12,22992.00,689.76,22302.24,5748.00,16554.24,1/4/2014,4, April ,2014
Enterprise,Germany, VTT , Low ,"1,570.00",250,125," 1,96,250.00 ","5,887.50"," 1,90,362.50 "," 1,88,400.00 ",1962.50,1/6/2014,6, June ,2014
Small Business,Canada, VTT , Low ,"1,874.00",250,300," 5,62,200.00 ","16,866.00"," 5,45,334.00 "," 4,68,500.00 ",76834.00,1/8/2014,8, August ,2014
Government,Mexico, VTT , Low ,"1,642.00",250,350," 5,74,700.00 ","17,241.00"," 5,57,459.00 "," 4,26,920.00 "," 1,30,539.00 ",1/8/2014,8, August ,2014
Midmarket,Germany, VTT , Low ,"1,945.00",250,15,29175.00,875.25,28299.75,19450.00,8849.75,1/10/2013,10, October ,2013
Government,Canada, Carretera , Low ,831,3,20,16620.00,498.6,16121.40,8310.00,7811.40,1/5/2014,5, May ,2014
Government,Mexico, Paseo , Low ,"1,760.00",10,7,12320.00,369.6,11950.40,8800.00,3150.40,1/9/2013,9, September ,2013
Government,Canada, Velo , Low ,"3,850.50",120,20,77010.00,"2,310.30",74699.70,38505.00,36194.70,1/4/2014,4, April ,2014
Channel Partners,Germany, VTT , Low ,"2,479.00",250,12,29748.00,892.44,28855.56,7437.00,21418.56,1/1/2014,1, January ,2014
Midmarket,Mexico, Montana , Low ,"2,031.00",5,15,30465.00,"1,218.60",29246.40,20310.00,8936.40,1/10/2014,10, October ,2014
Midmarket,Mexico, Paseo , Low ,"2,031.00",10,15,30465.00,"1,218.60",29246.40,20310.00,8936.40,1/10/2014,10, October ,2014
Midmarket,France, Paseo , Low ,"2,261.00",10,15,33915.00,"1,356.60",32558.40,22610.00,9948.40,1/12/2013,12, December ,2013
Government,United States of America, Velo , Low ,736,120,20,14720.00,588.8,14131.20,7360.00,6771.20,1/9/2013,9, September ,2013
Government,Canada, Carretera , Low ,"2,851.00",3,7,19957.00,798.28,19158.72,14255.00,4903.72,1/10/2013,10, October ,2013
Small Business,Germany, Carretera , Low ,"2,021.00",3,300," 6,06,300.00 ","24,252.00"," 5,82,048.00 "," 5,05,250.00 ",76798.00,1/10/2014,10, October ,2014
Government,United States of America, Carretera , Low ,274,3,350,95900.00,"3,836.00",92064.00,71240.00,20824.00,1/12/2014,12, December ,2014
Midmarket,Canada, Montana , Low ,"1,967.00",5,15,29505.00,"1,180.20",28324.80,19670.00,8654.80,1/3/2014,3, March ,2014
Small Business,Germany, Montana , Low ,"1,859.00",5,300," 5,57,700.00 ","22,308.00"," 5,35,392.00 "," 4,64,750.00 ",70642.00,1/8/2014,8, August ,2014
Government,Canada, Montana , Low ,"2,851.00",5,7,19957.00,798.28,19158.72,14255.00,4903.72,1/10/2013,10, October ,2013
Small Business,Germany, Montana , Low ,"2,021.00",5,300," 6,06,300.00 ","24,252.00"," 5,82,048.00 "," 5,05,250.00 ",76798.00,1/10/2014,10, October ,2014
Enterprise,Mexico, Montana , Low ,"1,138.00",5,125," 1,42,250.00 ","5,690.00"," 1,36,560.00 "," 1,36,560.00 ", -   ,1/12/2014,12, December ,2014
Government,Canada, Paseo , Low ,"4,251.00",10,7,29757.00,"1,190.28",28566.72,21255.00,7311.72,1/1/2014,1, January ,2014
Enterprise,Germany, Paseo , Low ,795,10,125,99375.00,"3,975.00",95400.00,95400.00, -   ,1/3/2014,3, March ,2014
Small Business,Germany, Paseo , Low ,"1,414.50",10,300," 4,24,350.00 ","16,974.00"," 4,07,376.00 "," 3,53,625.00 ",53751.00,1/4/2014,4, April ,2014
Small Business,United States of America, Paseo , Low ,"2,918.00",10,300," 8,75,400.00 ","35,016.00"," 8,40,384.00 "," 7,29,500.00 "," 1,10,884.00 ",1/5/2014,5, May ,2014
Government,United States of America, Paseo , Low ,"3,450.00",10,350," 12,07,500.00 ","48,300.00"," 11,59,200.00 "," 8,97,000.00 "," 2,62,200.00 ",1/7/2014,7, July ,2014
Enterprise,France, Paseo , Low ,"2,988.00",10,125," 3,73,500.00 ","14,940.00"," 3,58,560.00 "," 3,58,560.00 ", -   ,1/7/2014,7, July ,2014
Midmarket,Canada, Paseo , Low ,218,10,15,3270.00,130.8,3139.20,2180.00,959.20,1/9/2014,9, September ,2014
Government,Canada, Paseo , Low ,"2,074.00",10,20,41480.00,"1,659.20",39820.80,20740.00,19080.80,1/9/2014,9, September ,2014
Government,United States of America, Paseo , Low ,"1,056.00",10,20,21120.00,844.8,20275.20,10560.00,9715.20,1/9/2014,9, September ,2014
Midmarket,United States of America, Paseo , Low ,671,10,15,10065.00,402.6,9662.40,6710.00,2952.40,1/10/2013,10, October ,2013
Midmarket,Mexico, Paseo , Low ,"1,514.00",10,15,22710.00,908.4,21801.60,15140.00,6661.60,1/10/2013,10, October ,2013
Government,United States of America, Paseo , Low ,274,10,350,95900.00,"3,836.00",92064.00,71240.00,20824.00,1/12/2014,12, December ,2014
Enterprise,Mexico, Paseo , Low ,"1,138.00",10,125," 1,42,250.00 ","5,690.00"," 1,36,560.00 "," 1,36,560.00 ", -   ,1/12/2014,12, December ,2014
Channel Partners,United States of America, Velo , Low ,"1,465.00",120,12,17580.00,703.2,16876.80,4395.00,12481.80,1/3/2014,3, March ,2014
Government,Canada, Velo , Low ,"2,646.00",120,20,52920.00,"2,116.80",50803.20,26460.00,24343.20,1/9/2013,9, September ,2013
Government,France, Velo , Low ,"2,177.00",120,350," 7,61,950.00 ","30,478.00"," 7,31,472.00 "," 5,66,020.00 "," 1,65,452.00 ",1/10/2014,10, October ,2014
Channel Partners,France, VTT , Low ,866,250,12,10392.00,415.68,9976.32,2598.00,7378.32,1/5/2014,5, May ,2014
Government,United States of America, VTT , Low ,349,250,350," 1,22,150.00 ","4,886.00"," 1,17,264.00 ",90740.00,26524.00,1/9/2013,9, September ,2013
Government,France, VTT , Low ,"2,177.00",250,350," 7,61,950.00 ","30,478.00"," 7,31,472.00 "," 5,66,020.00 "," 1,65,452.00 ",1/10/2014,10, October ,2014
Midmarket,Mexico, VTT , Low ,"1,514.00",250,15,22710.00,908.4,21801.60,15140.00,6661.60,1/10/2013,10, October ,2013
Government,Mexico, Amarilla , Low ,"1,865.00",260,350," 6,52,750.00 ","26,110.00"," 6,26,640.00 "," 4,84,900.00 "," 1,41,740.00 ",1/2/2014,2, February ,2014
Enterprise,Mexico, Amarilla , Low ,"1,074.00",260,125," 1,34,250.00 ","5,370.00"," 1,28,880.00 "," 1,28,880.00 ", -   ,1/4/2014,4, April ,2014
Government,Germany, Amarilla , Low ,"1,907.00",260,350," 6,67,450.00 ","26,698.00"," 6,40,752.00 "," 4,95,820.00 "," 1,44,932.00 ",1/9/2014,9, September ,2014
Midmarket,United States of America, Amarilla , Low ,671,260,15,10065.00,402.6,9662.40,6710.00,2952.40,1/10/2013,10, October ,2013
Government,Canada, Amarilla , Low ,"1,778.00",260,350," 6,22,300.00 ","24,892.00"," 5,97,408.00 "," 4,62,280.00 "," 1,35,128.00 ",1/12/2013,12, December ,2013
Government,Germany, Montana , Medium ,"1,159.00",5,7,8113.00,405.65,7707.35,5795.00,1912.35,1/10/2013,10, October ,2013
Government,Germany, Paseo , Medium ,"1,372.00",10,7,9604.00,480.2,9123.80,6860.00,2263.80,1/1/2014,1, January ,2014
Government,Canada, Paseo , Medium ,"2,349.00",10,7,16443.00,822.15,15620.85,11745.00,3875.85,1/9/2013,9, September ,2013
Government,Mexico, Paseo , Medium ,"2,689.00",10,7,18823.00,941.15,17881.85,13445.00,4436.85,1/10/2014,10, October ,2014
Channel Partners,Canada, Paseo , Medium ,"2,431.00",10,12,29172.00,"1,458.60",27713.40,7293.00,20420.40,1/12/2014,12, December ,2014
Channel Partners,Canada, Velo , Medium ,"2,431.00",120,12,29172.00,"1,458.60",27713.40,7293.00,20420.40,1/12/2014,12, December ,2014
Government,Mexico, VTT , Medium ,"2,689.00",250,7,18823.00,941.15,17881.85,13445.00,4436.85,1/10/2014,10, October ,2014
Government,Mexico, Amarilla , Medium ,"1,683.00",260,7,11781.00,589.05,11191.95,8415.00,2776.95,1/7/2014,7, July ,2014
Channel Partners,Mexico, Amarilla , Medium ,"1,123.00",260,12,13476.00,673.8,12802.20,3369.00,9433.20,1/8/2014,8, August ,2014
Government,Germany, Amarilla , Medium ,"1,159.00",260,7,8113.00,405.65,7707.35,5795.00,1912.35,1/10/2013,10, October ,2013
Channel Partners,France, Carretera , Medium ,"1,865.00",3,12,22380.00,"1,119.00",21261.00,5595.00,15666.00,1/2/2014,2, February ,2014
Channel Partners,Germany, Carretera , Medium ,"1,116.00",3,12,13392.00,669.6,12722.40,3348.00,9374.40,1/2/2014,2, February ,2014
Government,France, Carretera , Medium ,"1,563.00",3,20,31260.00,"1,563.00",29697.00,15630.00,14067.00,1/5/2014,5, May ,2014
Small Business,United States of America, Carretera , Medium ,991,3,300," 2,97,300.00 ","14,865.00"," 2,82,435.00 "," 2,47,750.00 ",34685.00,1/6/2014,6, June ,2014
Government,Germany, Carretera , Medium ,"1,016.00",3,7,7112.00,355.6,6756.40,5080.00,1676.40,1/11/2013,11, November ,2013
Midmarket,Mexico, Carretera , Medium ,"2,791.00",3,15,41865.00,"2,093.25",39771.75,27910.00,11861.75,1/11/2014,11, November ,2014
Government,United States of America, Carretera , Medium ,570,3,7,3990.00,199.5,3790.50,2850.00,940.50,1/12/2014,12, December ,2014
Government,France, Carretera , Medium ,"2,487.00",3,7,17409.00,870.45,16538.55,12435.00,4103.55,1/12/2014,12, December ,2014
Government,France, Montana , Medium ,"1,384.50",5,350," 4,84,575.00 ","24,228.75"," 4,60,346.25 "," 3,59,970.00 "," 1,00,376.25 ",1/1/2014,1, January ,2014
Enterprise,United States of America, Montana , Medium ,"3,627.00",5,125," 4,53,375.00 ","22,668.75"," 4,30,706.25 "," 4,35,240.00 ",-4533.75,1/7/2014,7, July ,2014
Government,Mexico, Montana , Medium ,720,5,350," 2,52,000.00 ","12,600.00"," 2,39,400.00 "," 1,87,200.00 ",52200.00,1/9/2013,9, September ,2013
Channel Partners,Germany, Montana , Medium ,"2,342.00",5,12,28104.00,"1,405.20",26698.80,7026.00,19672.80,1/11/2014,11, November ,2014
Small Business,Mexico, Montana , Medium ,"1,100.00",5,300," 3,30,000.00 ","16,500.00"," 3,13,500.00 "," 2,75,000.00 ",38500.00,1/12/2013,12, December ,2013
Government,France, Paseo , Medium ,"1,303.00",10,20,26060.00,"1,303.00",24757.00,13030.00,11727.00,1/2/2014,2, February ,2014
Enterprise,United States of America, Paseo , Medium ,"2,992.00",10,125," 3,74,000.00 ","18,700.00"," 3,55,300.00 "," 3,59,040.00 ",-3740.00,1/3/2014,3, March ,2014
Enterprise,France, Paseo , Medium ,"2,385.00",10,125," 2,98,125.00 ","14,906.25"," 2,83,218.75 "," 2,86,200.00 ",-2981.25,1/3/2014,3, March ,2014
Small Business,Mexico, Paseo , Medium ,"1,607.00",10,300," 4,82,100.00 ","24,105.00"," 4,57,995.00 "," 4,01,750.00 ",56245.00,1/4/2014,4, April ,2014
Government,United States of America, Paseo , Medium ,"2,327.00",10,7,16289.00,814.45,15474.55,11635.00,3839.55,1/5/2014,5, May ,2014
Small Business,United States of America, Paseo , Medium ,991,10,300," 2,97,300.00 ","14,865.00"," 2,82,435.00 "," 2,47,750.00 ",34685.00,1/6/2014,6, June ,2014
Government,United States of America, Paseo , Medium ,602,10,350," 2,10,700.00 ","10,535.00"," 2,00,165.00 "," 1,56,520.00 ",43645.00,1/6/2014,6, June ,2014
Midmarket,France, Paseo , Medium ,"2,620.00",10,15,39300.00,"1,965.00",37335.00,26200.00,11135.00,1/9/2014,9, September ,2014
Government,Canada, Paseo , Medium ,"1,228.00",10,350," 4,29,800.00 ","21,490.00"," 4,08,310.00 "," 3,19,280.00 ",89030.00,1/10/2013,10, October ,2013
Government,Canada, Paseo , Medium ,"1,389.00",10,20,27780.00,"1,389.00",26391.00,13890.00,12501.00,1/10/2013,10, October ,2013
Enterprise,United States of America, Paseo , Medium ,861,10,125," 1,07,625.00 ","5,381.25"," 1,02,243.75 "," 1,03,320.00 ",-1076.25,1/10/2014,10, October ,2014
Enterprise,France, Paseo , Medium ,704,10,125,88000.00,"4,400.00",83600.00,84480.00,-880.00,1/10/2013,10, October ,2013
Government,Canada, Paseo , Medium ,"1,802.00",10,20,36040.00,"1,802.00",34238.00,18020.00,16218.00,1/12/2013,12, December ,2013
Government,United States of America, Paseo , Medium ,"2,663.00",10,20,53260.00,"2,663.00",50597.00,26630.00,23967.00,1/12/2014,12, December ,2014
Government,France, Paseo , Medium ,"2,136.00",10,7,14952.00,747.6,14204.40,10680.00,3524.40,1/12/2013,12, December ,2013
Midmarket,Germany, Paseo , Medium ,"2,116.00",10,15,31740.00,"1,587.00",30153.00,21160.00,8993.00,1/12/2013,12, December ,2013
Midmarket,United States of America, Velo , Medium ,555,120,15,8325.00,416.25,7908.75,5550.00,2358.75,1/1/2014,1, January ,2014
Midmarket,Mexico, Velo , Medium ,"2,861.00",120,15,42915.00,"2,145.75",40769.25,28610.00,12159.25,1/1/2014,1, January ,2014
Enterprise,Germany, Velo , Medium ,807,120,125," 1,00,875.00 ","5,043.75",95831.25,96840.00,-1008.75,1/2/2014,2, February ,2014
Government,United States of America, Velo , Medium ,602,120,350," 2,10,700.00 ","10,535.00"," 2,00,165.00 "," 1,56,520.00 ",43645.00,1/6/2014,6, June ,2014
Government,United States of America, Velo , Medium ,"2,832.00",120,20,56640.00,"2,832.00",53808.00,28320.00,25488.00,1/8/2014,8, August ,2014
Government,France, Velo , Medium ,"1,579.00",120,20,31580.00,"1,579.00",30001.00,15790.00,14211.00,1/8/2014,8, August ,2014
Enterprise,United States of America, Velo , Medium ,861,120,125," 1,07,625.00 ","5,381.25"," 1,02,243.75 "," 1,03,320.00 ",-1076.25,1/10/2014,10, October ,2014
Enterprise,France, Velo , Medium ,704,120,125,88000.00,"4,400.00",83600.00,84480.00,-880.00,1/10/2013,10, October ,2013
Government,France, Velo , Medium ,"1,033.00",120,20,20660.00,"1,033.00",19627.00,10330.00,9297.00,1/12/2013,12, December ,2013
Small Business,Germany, Velo , Medium ,"1,250.00",120,300," 3,75,000.00 ","18,750.00"," 3,56,250.00 "," 3,12,500.00 ",43750.00,1/12/2014,12, December ,2014
Government,Canada, VTT , Medium ,"1,389.00",250,20,27780.00,"1,389.00",26391.00,13890.00,12501.00,1/10/2013,10, October ,2013
Government,United States of America, VTT , Medium ,"1,265.00",250,20,25300.00,"1,265.00",24035.00,12650.00,11385.00,1/11/2013,11, November ,2013
Government,Germany, VTT , Medium ,"2,297.00",250,20,45940.00,"2,297.00",43643.00,22970.00,20673.00,1/11/2013,11, November ,2013
Government,United States of America, VTT , Medium ,"2,663.00",250,20,53260.00,"2,663.00",50597.00,26630.00,23967.00,1/12/2014,12, December ,2014
Government,United States of America, VTT , Medium ,570,250,7,3990.00,199.5,3790.50,2850.00,940.50,1/12/2014,12, December ,2014
Government,France, VTT , Medium ,"2,487.00",250,7,17409.00,870.45,16538.55,12435.00,4103.55,1/12/2014,12, December ,2014
Government,Germany, Amarilla , Medium ,"1,350.00",260,350," 4,72,500.00 ","23,625.00"," 4,48,875.00 "," 3,51,000.00 ",97875.00,1/2/2014,2, February ,2014
Government,Canada, Amarilla , Medium ,552,260,350," 1,93,200.00 ","9,660.00"," 1,83,540.00 "," 1,43,520.00 ",40020.00,1/8/2014,8, August ,2014
Government,Canada, Amarilla , Medium ,"1,228.00",260,350," 4,29,800.00 ","21,490.00"," 4,08,310.00 "," 3,19,280.00 ",89030.00,1/10/2013,10, October ,2013
Small Business,Germany, Amarilla , Medium ,"1,250.00",260,300," 3,75,000.00 ","18,750.00"," 3,56,250.00 "," 3,12,500.00 ",43750.00,1/12/2014,12, December ,2014
Midmarket,France, Paseo , Medium ,"3,801.00",10,15,57015.00,"3,420.90",53594.10,38010.00,15584.10,1/4/2014,4, April ,2014
Government,United States of America, Carretera , Medium ,"1,117.50",3,20,22350.00,"1,341.00",21009.00,11175.00,9834.00,1/1/2014,1, January ,2014
Midmarket,Canada, Carretera , Medium ,"2,844.00",3,15,42660.00,"2,559.60",40100.40,28440.00,11660.40,1/6/2014,6, June ,2014
Channel Partners,Mexico, Carretera , Medium ,562,3,12,6744.00,404.64,6339.36,1686.00,4653.36,1/9/2014,9, September ,2014
Channel Partners,Canada, Carretera , Medium ,"2,299.00",3,12,27588.00,"1,655.28",25932.72,6897.00,19035.72,1/10/2013,10, October ,2013
Midmarket,United States of America, Carretera , Medium ,"2,030.00",3,15,30450.00,"1,827.00",28623.00,20300.00,8323.00,1/11/2014,11, November ,2014
Government,United States of America, Carretera , Medium ,263,3,7,1841.00,110.46,1730.54,1315.00,415.54,1/11/2013,11, November ,2013
Enterprise,Germany, Carretera , Medium ,887,3,125," 1,10,875.00 ","6,652.50"," 1,04,222.50 "," 1,06,440.00 ",-2217.50,1/12/2013,12, December ,2013
Government,Mexico, Montana , Medium ,980,5,350," 3,43,000.00 ","20,580.00"," 3,22,420.00 "," 2,54,800.00 ",67620.00,1/4/2014,4, April ,2014
Government,Germany, Montana , Medium ,"1,460.00",5,350," 5,11,000.00 ","30,660.00"," 4,80,340.00 "," 3,79,600.00 "," 1,00,740.00 ",1/5/2014,5, May ,2014
Government,France, Montana , Medium ,"1,403.00",5,7,9821.00,589.26,9231.74,7015.00,2216.74,1/10/2013,10, October ,2013
Channel Partners,United States of America, Montana , Medium ,"2,723.00",5,12,32676.00,"1,960.56",30715.44,8169.00,22546.44,1/11/2014,11, November ,2014
Government,France, Paseo , Medium ,"1,496.00",10,350," 5,23,600.00 ","31,416.00"," 4,92,184.00 "," 3,88,960.00 "," 1,03,224.00 ",1/6/2014,6, June ,2014
Channel Partners,Canada, Paseo , Medium ,"2,299.00",10,12,27588.00,"1,655.28",25932.72,6897.00,19035.72,1/10/2013,10, October ,2013
Government,United States of America, Paseo , Medium ,727,10,350," 2,54,450.00 ","15,267.00"," 2,39,183.00 "," 1,89,020.00 ",50163.00,1/10/2013,10, October ,2013
Enterprise,Canada, Velo , Medium ,952,120,125," 1,19,000.00 ","7,140.00"," 1,11,860.00 "," 1,14,240.00 ",-2380.00,1/2/2014,2, February ,2014
Enterprise,United States of America, Velo , Medium ,"2,755.00",120,125," 3,44,375.00 ","20,662.50"," 3,23,712.50 "," 3,30,600.00 ",-6887.50,1/2/2014,2, February ,2014
Midmarket,Germany, Velo , Medium ,"1,530.00",120,15,22950.00,"1,377.00",21573.00,15300.00,6273.00,1/5/2014,5, May ,2014
Government,France, Velo , Medium ,"1,496.00",120,350," 5,23,600.00 ","31,416.00"," 4,92,184.00 "," 3,88,960.00 "," 1,03,224.00 ",1/6/2014,6, June ,2014
Government,Mexico, Velo , Medium ,"1,498.00",120,7,10486.00,629.16,9856.84,7490.00,2366.84,1/6/2014,6, June ,2014
Small Business,France, Velo , Medium ,"1,221.00",120,300," 3,66,300.00 ","21,978.00"," 3,44,322.00 "," 3,05,250.00 ",39072.00,1/10/2013,10, October ,2013
Government,France, Velo , Medium ,"2,076.00",120,350," 7,26,600.00 ","43,596.00"," 6,83,004.00 "," 5,39,760.00 "," 1,43,244.00 ",1/10/2013,10, October ,2013
Midmarket,Canada, VTT , Medium ,"2,844.00",250,15,42660.00,"2,559.60",40100.40,28440.00,11660.40,1/6/2014,6, June ,2014
Government,Mexico, VTT , Medium ,"1,498.00",250,7,10486.00,629.16,9856.84,7490.00,2366.84,1/6/2014,6, June ,2014
Small Business,France, VTT , Medium ,"1,221.00",250,300," 3,66,300.00 ","21,978.00"," 3,44,322.00 "," 3,05,250.00 ",39072.00,1/10/2013,10, October ,2013
Government,Mexico, VTT , Medium ,"1,123.00",250,20,22460.00,"1,347.60",21112.40,11230.00,9882.40,1/11/2013,11, November ,2013
Small Business,Canada, VTT , Medium ,"2,436.00",250,300," 7,30,800.00 ","43,848.00"," 6,86,952.00 "," 6,09,000.00 ",77952.00,1/12/2013,12, December ,2013
Enterprise,France, Amarilla , Medium ,"1,987.50",260,125," 2,48,437.50 ","14,906.25"," 2,33,531.25 "," 2,38,500.00 ",-4968.75,1/1/2014,1, January ,2014
Government,Mexico, Amarilla , Medium ,"1,679.00",260,350," 5,87,650.00 ","35,259.00"," 5,52,391.00 "," 4,36,540.00 "," 1,15,851.00 ",1/9/2014,9, September ,2014
Government,United States of America, Amarilla , Medium ,727,260,350," 2,54,450.00 ","15,267.00"," 2,39,183.00 "," 1,89,020.00 ",50163.00,1/10/2013,10, October ,2013
Government,France, Amarilla , Medium ,"1,403.00",260,7,9821.00,589.26,9231.74,7015.00,2216.74,1/10/2013,10, October ,2013
Government,France, Amarilla , Medium ,"2,076.00",260,350," 7,26,600.00 ","43,596.00"," 6,83,004.00 "," 5,39,760.00 "," 1,43,244.00 ",1/10/2013,10, October ,2013
Government,France, Montana , Medium ,"1,757.00",5,20,35140.00,"2,108.40",33031.60,17570.00,15461.60,1/10/2013,10, October ,2013
Midmarket,United States of America, Paseo , Medium ,"2,198.00",10,15,32970.00,"1,978.20",30991.80,21980.00,9011.80,1/8/2014,8, August ,2014
Midmarket,Germany, Paseo , Medium ,"1,743.00",10,15,26145.00,"1,568.70",24576.30,17430.00,7146.30,1/8/2014,8, August ,2014
Midmarket,United States of America, Paseo , Medium ,"1,153.00",10,15,17295.00,"1,037.70",16257.30,11530.00,4727.30,1/10/2014,10, October ,2014
Government,France, Paseo , Medium ,"1,757.00",10,20,35140.00,"2,108.40",33031.60,17570.00,15461.60,1/10/2013,10, October ,2013
Government,Germany, Velo , Medium ,"1,001.00",120,20,20020.00,"1,201.20",18818.80,10010.00,8808.80,1/8/2014,8, August ,2014
Government,Mexico, Velo , Medium ,"1,333.00",120,7,9331.00,559.86,8771.14,6665.00,2106.14,1/11/2014,11, November ,2014
Midmarket,United States of America, VTT , Medium ,"1,153.00",250,15,17295.00,"1,037.70",16257.30,11530.00,4727.30,1/10/2014,10, October ,2014
Channel Partners,Mexico, Carretera , Medium ,727,3,12,8724.00,610.68,8113.32,2181.00,5932.32,1/2/2014,2, February ,2014
Channel Partners,Canada, Carretera , Medium ,"1,884.00",3,12,22608.00,"1,582.56",21025.44,5652.00,15373.44,1/8/2014,8, August ,2014
Government,Mexico, Carretera , Medium ,"1,834.00",3,20,36680.00,"2,567.60",34112.40,18340.00,15772.40,1/9/2013,9, September ,2013
Channel Partners,Mexico, Montana , Medium ,"2,340.00",5,12,28080.00,"1,965.60",26114.40,7020.00,19094.40,1/1/2014,1, January ,2014
Channel Partners,France, Montana , Medium ,"2,342.00",5,12,28104.00,"1,967.28",26136.72,7026.00,19110.72,1/11/2014,11, November ,2014
Government,France, Paseo , Medium ,"1,031.00",10,7,7217.00,505.19,6711.81,5155.00,1556.81,1/9/2013,9, September ,2013
Midmarket,Canada, Velo , Medium ,"1,262.00",120,15,18930.00,"1,325.10",17604.90,12620.00,4984.90,1/5/2014,5, May ,2014
Government,Canada, Velo , Medium ,"1,135.00",120,7,7945.00,556.15,7388.85,5675.00,1713.85,1/6/2014,6, June ,2014
Government,United States of America, Velo , Medium ,547,120,7,3829.00,268.03,3560.97,2735.00,825.97,1/11/2014,11, November ,2014
Government,Canada, Velo , Medium ,"1,582.00",120,7,11074.00,775.18,10298.82,7910.00,2388.82,1/12/2014,12, December ,2014
Channel Partners,France, VTT , Medium ,"1,738.50",250,12,20862.00,"1,460.34",19401.66,5215.50,14186.16,1/4/2014,4, April ,2014
Channel Partners,Germany, VTT , Medium ,"2,215.00",250,12,26580.00,"1,860.60",24719.40,6645.00,18074.40,1/9/2013,9, September ,2013
Government,Canada, VTT , Medium ,"1,582.00",250,7,11074.00,775.18,10298.82,7910.00,2388.82,1/12/2014,12, December ,2014
Government,Canada, Amarilla , Medium ,"1,135.00",260,7,7945.00,556.15,7388.85,5675.00,1713.85,1/6/2014,6, June ,2014
Government,United States of America, Carretera , Medium ,"1,761.00",3,350," 6,16,350.00 ","43,144.50"," 5,73,205.50 "," 4,57,860.00 "," 1,15,345.50 ",1/3/2014,3, March ,2014
Small Business,France, Carretera , Medium ,448,3,300," 1,34,400.00 ","9,408.00"," 1,24,992.00 "," 1,12,000.00 ",12992.00,1/6/2014,6, June ,2014
Small Business,France, Carretera , Medium ,"2,181.00",3,300," 6,54,300.00 ","45,801.00"," 6,08,499.00 "," 5,45,250.00 ",63249.00,1/10/2014,10, October ,2014
Government,France, Montana , Medium ,"1,976.00",5,20,39520.00,"2,766.40",36753.60,19760.00,16993.60,1/10/2014,10, October ,2014
Small Business,France, Montana , Medium ,"2,181.00",5,300," 6,54,300.00 ","45,801.00"," 6,08,499.00 "," 5,45,250.00 ",63249.00,1/10/2014,10, October ,2014
Enterprise,Germany, Montana , Medium ,"2,500.00",5,125," 3,12,500.00 ","21,875.00"," 2,90,625.00 "," 3,00,000.00 ",-9375.00,1/11/2013,11, November ,2013
Small Business,Canada, Paseo , Medium ,"1,702.00",10,300," 5,10,600.00 ","35,742.00"," 4,74,858.00 "," 4,25,500.00 ",49358.00,1/5/2014,5, May ,2014
Small Business,France, Paseo , Medium ,448,10,300," 1,34,400.00 ","9,408.00"," 1,24,992.00 "," 1,12,000.00 ",12992.00,1/6/2014,6, June ,2014
Enterprise,Germany, Paseo , Medium ,"3,513.00",10,125," 4,39,125.00 ","30,738.75"," 4,08,386.25 "," 4,21,560.00 ",-13173.75,1/7/2014,7, July ,2014
Midmarket,France, Paseo , Medium ,"2,101.00",10,15,31515.00,"2,206.05",29308.95,21010.00,8298.95,1/8/2014,8, August ,2014
Midmarket,United States of America, Paseo , Medium ,"2,931.00",10,15,43965.00,"3,077.55",40887.45,29310.00,11577.45,1/9/2013,9, September ,2013
Government,France, Paseo , Medium ,"1,535.00",10,20,30700.00,"2,149.00",28551.00,15350.00,13201.00,1/9/2014,9, September ,2014
Small Business,Germany, Paseo , Medium ,"1,123.00",10,300," 3,36,900.00 ","23,583.00"," 3,13,317.00 "," 2,80,750.00 ",32567.00,1/9/2013,9, September ,2013
Small Business,Canada, Paseo , Medium ,"1,404.00",10,300," 4,21,200.00 ","29,484.00"," 3,91,716.00 "," 3,51,000.00 ",40716.00,1/11/2013,11, November ,2013
Channel Partners,Mexico, Paseo , Medium ,"2,763.00",10,12,33156.00,"2,320.92",30835.08,8289.00,22546.08,1/11/2013,11, November ,2013
Government,Germany, Paseo , Medium ,"2,125.00",10,7,14875.00,"1,041.25",13833.75,10625.00,3208.75,1/12/2013,12, December ,2013
Small Business,France, Velo , Medium ,"1,659.00",120,300," 4,97,700.00 ","34,839.00"," 4,62,861.00 "," 4,14,750.00 ",48111.00,1/7/2014,7, July ,2014
Government,Mexico, Velo , Medium ,609,120,20,12180.00,852.6,11327.40,6090.00,5237.40,1/8/2014,8, August ,2014
Enterprise,Germany, Velo , Medium ,"2,087.00",120,125," 2,60,875.00 ","18,261.25"," 2,42,613.75 "," 2,50,440.00 ",-7826.25,1/9/2014,9, September ,2014
Government,France, Velo , Medium ,"1,976.00",120,20,39520.00,"2,766.40",36753.60,19760.00,16993.60,1/10/2014,10, October ,2014
Government,United States of America, Velo , Medium ,"1,421.00",120,20,28420.00,"1,989.40",26430.60,14210.00,12220.60,1/12/2013,12, December ,2013
Small Business,United States of America, Velo , Medium ,"1,372.00",120,300," 4,11,600.00 ","28,812.00"," 3,82,788.00 "," 3,43,000.00 ",39788.00,1/12/2014,12, December ,2014
Government,Germany, Velo , Medium ,588,120,20,11760.00,823.2,10936.80,5880.00,5056.80,1/12/2013,12, December ,2013
Channel Partners,Canada, VTT , Medium ,"3,244.50",250,12,38934.00,"2,725.38",36208.62,9733.50,26475.12,1/1/2014,1, January ,2014
Small Business,France, VTT , Medium ,959,250,300," 2,87,700.00 ","20,139.00"," 2,67,561.00 "," 2,39,750.00 ",27811.00,1/2/2014,2, February ,2014
Small Business,Mexico, VTT , Medium ,"2,747.00",250,300," 8,24,100.00 ","57,687.00"," 7,66,413.00 "," 6,86,750.00 ",79663.00,1/2/2014,2, February ,2014
Enterprise,Canada, Amarilla , Medium ,"1,645.00",260,125," 2,05,625.00 ","14,393.75"," 1,91,231.25 "," 1,97,400.00 ",-6168.75,1/5/2014,5, May ,2014
Government,France, Amarilla , Medium ,"2,876.00",260,350," 10,06,600.00 ","70,462.00"," 9,36,138.00 "," 7,47,760.00 "," 1,88,378.00 ",1/9/2014,9, September ,2014
Enterprise,Germany, Amarilla , Medium ,994,260,125," 1,24,250.00 ","8,697.50"," 1,15,552.50 "," 1,19,280.00 ",-3727.50,1/9/2013,9, September ,2013
Government,Canada, Amarilla , Medium ,"1,118.00",260,20,22360.00,"1,565.20",20794.80,11180.00,9614.80,1/11/2014,11, November ,2014
Small Business,United States of America, Amarilla , Medium ,"1,372.00",260,300," 4,11,600.00 ","28,812.00"," 3,82,788.00 "," 3,43,000.00 ",39788.00,1/12/2014,12, December ,2014
Government,Canada, Montana , Medium ,488,5,7,3416.00,273.28,3142.72,2440.00,702.72,1/2/2014,2, February ,2014
Government,United States of America, Montana , Medium ,"1,282.00",5,20,25640.00,"2,051.20",23588.80,12820.00,10768.80,1/6/2014,6, June ,2014
Government,Canada, Paseo , Medium ,257,10,7,1799.00,143.92,1655.08,1285.00,370.08,1/5/2014,5, May ,2014
Government,United States of America, Amarilla , Medium ,"1,282.00",260,20,25640.00,"2,051.20",23588.80,12820.00,10768.80,1/6/2014,6, June ,2014
Enterprise,Mexico, Carretera , Medium ,"1,540.00",3,125," 1,92,500.00 ","15,400.00"," 1,77,100.00 "," 1,84,800.00 ",-7700.00,1/8/2014,8, August ,2014
Midmarket,France, Carretera , Medium ,490,3,15,7350.00,588,6762.00,4900.00,1862.00,1/11/2014,11, November ,2014
Government,Mexico, Carretera , Medium ,"1,362.00",3,350," 4,76,700.00 ","38,136.00"," 4,38,564.00 "," 3,54,120.00 ",84444.00,1/12/2014,12, December ,2014
Midmarket,France, Montana , Medium ,"2,501.00",5,15,37515.00,"3,001.20",34513.80,25010.00,9503.80,1/3/2014,3, March ,2014
Government,Canada, Montana , Medium ,708,5,20,14160.00,"1,132.80",13027.20,7080.00,5947.20,1/6/2014,6, June ,2014
Government,Germany, Montana , Medium ,645,5,20,12900.00,"1,032.00",11868.00,6450.00,5418.00,1/7/2014,7, July ,2014
Small Business,France, Montana , Medium ,"1,562.00",5,300," 4,68,600.00 ","37,488.00"," 4,31,112.00 "," 3,90,500.00 ",40612.00,1/8/2014,8, August ,2014
Small Business,Canada, Montana , Medium ,"1,283.00",5,300," 3,84,900.00 ","30,792.00"," 3,54,108.00 "," 3,20,750.00 ",33358.00,1/9/2013,9, September ,2013
Midmarket,Germany, Montana , Medium ,711,5,15,10665.00,853.2,9811.80,7110.00,2701.80,1/12/2014,12, December ,2014
Enterprise,Mexico, Paseo , Medium ,"1,114.00",10,125," 1,39,250.00 ","11,140.00"," 1,28,110.00 "," 1,33,680.00 ",-5570.00,1/3/2014,3, March ,2014
Government,Germany, Paseo , Medium ,"1,259.00",10,7,8813.00,705.04,8107.96,6295.00,1812.96,1/4/2014,4, April ,2014
Government,Germany, Paseo , Medium ,"1,095.00",10,7,7665.00,613.2,7051.80,5475.00,1576.80,1/5/2014,5, May ,2014
Government,Germany, Paseo , Medium ,"1,366.00",10,20,27320.00,"2,185.60",25134.40,13660.00,11474.40,1/6/2014,6, June ,2014
Small Business,Mexico, Paseo , Medium ,"2,460.00",10,300," 7,38,000.00 ","59,040.00"," 6,78,960.00 "," 6,15,000.00 ",63960.00,1/6/2014,6, June ,2014
Government,United States of America, Paseo , Medium ,678,10,7,4746.00,379.68,4366.32,3390.00,976.32,1/8/2014,8, August ,2014
Government,Germany, Paseo , Medium ,"1,598.00",10,7,11186.00,894.88,10291.12,7990.00,2301.12,1/8/2014,8, August ,2014
Government,Germany, Paseo , Medium ,"2,409.00",10,7,16863.00,"1,349.04",15513.96,12045.00,3468.96,1/9/2013,9, September ,2013
Government,Germany, Paseo , Medium ,"1,934.00",10,20,38680.00,"3,094.40",35585.60,19340.00,16245.60,1/9/2014,9, September ,2014
Government,Mexico, Paseo , Medium ,"2,993.00",10,20,59860.00,"4,788.80",55071.20,29930.00,25141.20,1/9/2014,9, September ,2014
Government,Germany, Paseo , Medium ,"2,146.00",10,350," 7,51,100.00 ","60,088.00"," 6,91,012.00 "," 5,57,960.00 "," 1,33,052.00 ",1/11/2013,11, November ,2013
Government,Mexico, Paseo , Medium ,"1,946.00",10,7,13622.00,"1,089.76",12532.24,9730.00,2802.24,1/12/2013,12, December ,2013
Government,Mexico, Paseo , Medium ,"1,362.00",10,350," 4,76,700.00 ","38,136.00"," 4,38,564.00 "," 3,54,120.00 ",84444.00,1/12/2014,12, December ,2014
Channel Partners,Canada, Velo , Medium ,598,120,12,7176.00,574.08,6601.92,1794.00,4807.92,1/3/2014,3, March ,2014
Government,United States of America, Velo , Medium ,"2,907.00",120,7,20349.00,"1,627.92",18721.08,14535.00,4186.08,1/6/2014,6, June ,2014
Government,Germany, Velo , Medium ,"2,338.00",120,7,16366.00,"1,309.28",15056.72,11690.00,3366.72,1/6/2014,6, June ,2014
Small Business,France, Velo , Medium ,386,120,300," 1,15,800.00 ","9,264.00"," 1,06,536.00 ",96500.00,10036.00,1/11/2013,11, November ,2013
Small Business,Mexico, Velo , Medium ,635,120,300," 1,90,500.00 ","15,240.00"," 1,75,260.00 "," 1,58,750.00 ",16510.00,1/12/2014,12, December ,2014
Government,France, VTT , Medium ,574.5,250,350," 2,01,075.00 ","16,086.00"," 1,84,989.00 "," 1,49,370.00 ",35619.00,1/4/2014,4, April ,2014
Government,Germany, VTT , Medium ,"2,338.00",250,7,16366.00,"1,309.28",15056.72,11690.00,3366.72,1/6/2014,6, June ,2014
Government,France, VTT , Medium ,381,250,350," 1,33,350.00 ","10,668.00"," 1,22,682.00 ",99060.00,23622.00,1/8/2014,8, August ,2014
Government,Germany, VTT , Medium ,422,250,350," 1,47,700.00 ","11,816.00"," 1,35,884.00 "," 1,09,720.00 ",26164.00,1/8/2014,8, August ,2014
Small Business,Canada, VTT , Medium ,"2,134.00",250,300," 6,40,200.00 ","51,216.00"," 5,88,984.00 "," 5,33,500.00 ",55484.00,1/9/2014,9, September ,2014
Small Business,United States of America, VTT , Medium ,808,250,300," 2,42,400.00 ","19,392.00"," 2,23,008.00 "," 2,02,000.00 ",21008.00,1/12/2013,12, December ,2013
Government,Canada, Amarilla , Medium ,708,260,20,14160.00,"1,132.80",13027.20,7080.00,5947.20,1/6/2014,6, June ,2014
Government,United States of America, Amarilla , Medium ,"2,907.00",260,7,20349.00,"1,627.92",18721.08,14535.00,4186.08,1/6/2014,6, June ,2014
Government,Germany, Amarilla , Medium ,"1,366.00",260,20,27320.00,"2,185.60",25134.40,13660.00,11474.40,1/6/2014,6, June ,2014
Small Business,Mexico, Amarilla , Medium ,"2,460.00",260,300," 7,38,000.00 ","59,040.00"," 6,78,960.00 "," 6,15,000.00 ",63960.00,1/6/2014,6, June ,2014
Government,Germany, Amarilla , Medium ,"1,520.00",260,20,30400.00,"2,432.00",27968.00,15200.00,12768.00,1/11/2014,11, November ,2014
Midmarket,Germany, Amarilla , Medium ,711,260,15,10665.00,853.2,9811.80,7110.00,2701.80,1/12/2014,12, December ,2014
Channel Partners,Mexico, Amarilla , Medium ,"1,375.00",260,12,16500.00,"1,320.00",15180.00,4125.00,11055.00,1/12/2013,12, December ,2013
Small Business,Mexico, Amarilla , Medium ,635,260,300," 1,90,500.00 ","15,240.00"," 1,75,260.00 "," 1,58,750.00 ",16510.00,1/12/2014,12, December ,2014
Government,United States of America, VTT , Medium ,436.5,250,20,8730.00,698.4,8031.60,4365.00,3666.60,1/7/2014,7, July ,2014
Small Business,Canada, Carretera , Medium ,"1,094.00",3,300," 3,28,200.00 ","29,538.00"," 2,98,662.00 "," 2,73,500.00 ",25162.00,1/6/2014,6, June ,2014
Channel Partners,Mexico, Carretera , Medium ,367,3,12,4404.00,396.36,4007.64,1101.00,2906.64,1/10/2013,10, October ,2013
Small Business,Canada, Montana , Medium ,"3,802.50",5,300," 11,40,750.00 "," 1,02,667.50 "," 10,38,082.50 "," 9,50,625.00 ",87457.50,1/4/2014,4, April ,2014
Government,France, Montana , Medium ,"1,666.00",5,350," 5,83,100.00 ","52,479.00"," 5,30,621.00 "," 4,33,160.00 ",97461.00,1/5/2014,5, May ,2014
Small Business,France, Montana , Medium ,322,5,300,96600.00,"8,694.00",87906.00,80500.00,7406.00,1/9/2013,9, September ,2013
Channel Partners,Canada, Montana , Medium ,"2,321.00",5,12,27852.00,"2,506.68",25345.32,6963.00,18382.32,1/11/2014,11, November ,2014
Enterprise,France, Montana , Medium ,"1,857.00",5,125," 2,32,125.00 ","20,891.25"," 2,11,233.75 "," 2,22,840.00 ",-11606.25,1/11/2013,11, November ,2013
Government,Canada, Montana , Medium ,"1,611.00",5,7,11277.00,"1,014.93",10262.07,8055.00,2207.07,1/12/2013,12, December ,2013
Enterprise,United States of America, Montana , Medium ,"2,797.00",5,125," 3,49,625.00 ","31,466.25"," 3,18,158.75 "," 3,35,640.00 ",-17481.25,1/12/2014,12, December ,2014
Small Business,Germany, Montana , Medium ,334,5,300," 1,00,200.00 ","9,018.00",91182.00,83500.00,7682.00,1/12/2013,12, December ,2013
Small Business,Mexico, Paseo , Medium ,"2,565.00",10,300," 7,69,500.00 ","69,255.00"," 7,00,245.00 "," 6,41,250.00 ",58995.00,1/1/2014,1, January ,2014
Government,Mexico, Paseo , Medium ,"2,417.00",10,350," 8,45,950.00 ","76,135.50"," 7,69,814.50 "," 6,28,420.00 "," 1,41,394.50 ",1/1/2014,1, January ,2014
Midmarket,United States of America, Paseo , Medium ,"3,675.00",10,15,55125.00,"4,961.25",50163.75,36750.00,13413.75,1/4/2014,4, April ,2014
Small Business,Canada, Paseo , Medium ,"1,094.00",10,300," 3,28,200.00 ","29,538.00"," 2,98,662.00 "," 2,73,500.00 ",25162.00,1/6/2014,6, June ,2014
Midmarket,France, Paseo , Medium ,"1,227.00",10,15,18405.00,"1,656.45",16748.55,12270.00,4478.55,1/10/2014,10, October ,2014
Channel Partners,Mexico, Paseo , Medium ,367,10,12,4404.00,396.36,4007.64,1101.00,2906.64,1/10/2013,10, October ,2013
Small Business,France, Paseo , Medium ,"1,324.00",10,300," 3,97,200.00 ","35,748.00"," 3,61,452.00 "," 3,31,000.00 ",30452.00,1/11/2014,11, November ,2014
Channel Partners,Germany, Paseo , Medium ,"1,775.00",10,12,21300.00,"1,917.00",19383.00,5325.00,14058.00,1/11/2013,11, November ,2013
Enterprise,United States of America, Paseo , Medium ,"2,797.00",10,125," 3,49,625.00 ","31,466.25"," 3,18,158.75 "," 3,35,640.00 ",-17481.25,1/12/2014,12, December ,2014
Midmarket,Mexico, Velo , Medium ,245,120,15,3675.00,330.75,3344.25,2450.00,894.25,1/5/2014,5, May ,2014
Small Business,Canada, Velo , Medium ,"3,793.50",120,300," 11,38,050.00 "," 1,02,424.50 "," 10,35,625.50 "," 9,48,375.00 ",87250.50,1/7/2014,7, July ,2014
Government,Germany, Velo , Medium ,"1,307.00",120,350," 4,57,450.00 ","41,170.50"," 4,16,279.50 "," 3,39,820.00 ",76459.50,1/7/2014,7, July ,2014
Enterprise,Canada, Velo , Medium ,567,120,125,70875.00,"6,378.75",64496.25,68040.00,-3543.75,1/9/2014,9, September ,2014
Enterprise,Mexico, Velo , Medium ,"2,110.00",120,125," 2,63,750.00 ","23,737.50"," 2,40,012.50 "," 2,53,200.00 ",-13187.50,1/9/2014,9, September ,2014
Government,Canada, Velo , Medium ,"1,269.00",120,350," 4,44,150.00 ","39,973.50"," 4,04,176.50 "," 3,29,940.00 ",74236.50,1/10/2014,10, October ,2014
Channel Partners,United States of America, VTT , Medium ,"1,956.00",250,12,23472.00,"2,112.48",21359.52,5868.00,15491.52,1/1/2014,1, January ,2014
Small Business,Germany, VTT , Medium ,"2,659.00",250,300," 7,97,700.00 ","71,793.00"," 7,25,907.00 "," 6,64,750.00 ",61157.00,1/2/2014,2, February ,2014
Government,United States of America, VTT , Medium ,"1,351.50",250,350," 4,73,025.00 ","42,572.25"," 4,30,452.75 "," 3,51,390.00 ",79062.75,1/4/2014,4, April ,2014
Channel Partners,Germany, VTT , Medium ,880,250,12,10560.00,950.4,9609.60,2640.00,6969.60,1/5/2014,5, May ,2014
Small Business,United States of America, VTT , Medium ,"1,867.00",250,300," 5,60,100.00 ","50,409.00"," 5,09,691.00 "," 4,66,750.00 ",42941.00,1/9/2014,9, September ,2014
Channel Partners,France, VTT , Medium ,"2,234.00",250,12,26808.00,"2,412.72",24395.28,6702.00,17693.28,1/9/2013,9, September ,2013
Midmarket,France, VTT , Medium ,"1,227.00",250,15,18405.00,"1,656.45",16748.55,12270.00,4478.55,1/10/2014,10, October ,2014
Enterprise,Mexico, VTT , Medium ,877,250,125," 1,09,625.00 ","9,866.25",99758.75," 1,05,240.00 ",-5481.25,1/11/2014,11, November ,2014
Government,United States of America, Amarilla , Medium ,"2,071.00",260,350," 7,24,850.00 ","65,236.50"," 6,59,613.50 "," 5,38,460.00 "," 1,21,153.50 ",1/9/2014,9, September ,2014
Government,Canada, Amarilla , Medium ,"1,269.00",260,350," 4,44,150.00 ","39,973.50"," 4,04,176.50 "," 3,29,940.00 ",74236.50,1/10/2014,10, October ,2014
Midmarket,Germany, Amarilla , Medium ,970,260,15,14550.00,"1,309.50",13240.50,9700.00,3540.50,1/11/2013,11, November ,2013
Government,Mexico, Amarilla , Medium ,"1,694.00",260,20,33880.00,"3,049.20",30830.80,16940.00,13890.80,1/11/2014,11, November ,2014
Government,Germany, Carretera , Medium ,663,3,20,13260.00,"1,193.40",12066.60,6630.00,5436.60,1/5/2014,5, May ,2014
Government,Canada, Carretera , Medium ,819,3,7,5733.00,515.97,5217.03,4095.00,1122.03,1/7/2014,7, July ,2014
Channel Partners,Germany, Carretera , Medium ,"1,580.00",3,12,18960.00,"1,706.40",17253.60,4740.00,12513.60,1/9/2014,9, September ,2014
Government,Mexico, Carretera , Medium ,521,3,7,3647.00,328.23,3318.77,2605.00,713.77,1/12/2014,12, December ,2014
Government,United States of America, Paseo , Medium ,973,10,20,19460.00,"1,751.40",17708.60,9730.00,7978.60,1/3/2014,3, March ,2014
Government,Mexico, Paseo , Medium ,"1,038.00",10,20,20760.00,"1,868.40",18891.60,10380.00,8511.60,1/6/2014,6, June ,2014
Government,Germany, Paseo , Medium ,360,10,7,2520.00,226.8,2293.20,1800.00,493.20,1/10/2014,10, October ,2014
Channel Partners,France, Velo , Medium ,"1,967.00",120,12,23604.00,"2,124.36",21479.64,5901.00,15578.64,1/3/2014,3, March ,2014
Midmarket,Mexico, Velo , Medium ,"2,628.00",120,15,39420.00,"3,547.80",35872.20,26280.00,9592.20,1/4/2014,4, April ,2014
Government,Germany, VTT , Medium ,360,250,7,2520.00,226.8,2293.20,1800.00,493.20,1/10/2014,10, October ,2014
Government,France, VTT , Medium ,"2,682.00",250,20,53640.00,"4,827.60",48812.40,26820.00,21992.40,1/11/2013,11, November ,2013
Government,Mexico, VTT , Medium ,521,250,7,3647.00,328.23,3318.77,2605.00,713.77,1/12/2014,12, December ,2014
Government,Mexico, Amarilla , Medium ,"1,038.00",260,20,20760.00,"1,868.40",18891.60,10380.00,8511.60,1/6/2014,6, June ,2014
Midmarket,Canada, Amarilla , Medium ,"1,630.50",260,15,24457.50,"2,201.18",22256.33,16305.00,5951.33,1/7/2014,7, July ,2014
Channel Partners,France, Amarilla , Medium ,306,260,12,3672.00,330.48,3341.52,918.00,2423.52,1/12/2013,12, December ,2013
Channel Partners,United States of America, Carretera , High ,386,3,12,4632.00,463.2,4168.80,1158.00,3010.80,1/10/2013,10, October ,2013
Government,United States of America, Montana , High ,"2,328.00",5,7,16296.00,"1,629.60",14666.40,11640.00,3026.40,1/9/2014,9, September ,2014
Channel Partners,United States of America, Paseo , High ,386,10,12,4632.00,463.2,4168.80,1158.00,3010.80,1/10/2013,10, October ,2013
Enterprise,United States of America, Carretera , High ,"3,445.50",3,125," 4,30,687.50 ","43,068.75"," 3,87,618.75 "," 4,13,460.00 ",-25841.25,1/4/2014,4, April ,2014
Enterprise,France, Carretera , High ,"1,482.00",3,125," 1,85,250.00 ","18,525.00"," 1,66,725.00 "," 1,77,840.00 ",-11115.00,1/12/2013,12, December ,2013
Government,United States of America, Montana , High ,"2,313.00",5,350," 8,09,550.00 ","80,955.00"," 7,28,595.00 "," 6,01,380.00 "," 1,27,215.00 ",1/5/2014,5, May ,2014
Enterprise,United States of America, Montana , High ,"1,804.00",5,125," 2,25,500.00 ","22,550.00"," 2,02,950.00 "," 2,16,480.00 ",-13530.00,1/11/2013,11, November ,2013
Midmarket,France, Montana , High ,"2,072.00",5,15,31080.00,"3,108.00",27972.00,20720.00,7252.00,1/12/2014,12, December ,2014
Government,France, Paseo , High ,"1,954.00",10,20,39080.00,"3,908.00",35172.00,19540.00,15632.00,1/3/2014,3, March ,2014
Small Business,Mexico, Paseo , High ,591,10,300," 1,77,300.00 ","17,730.00"," 1,59,570.00 "," 1,47,750.00 ",11820.00,1/5/2014,5, May ,2014
Midmarket,France, Paseo , High ,"2,167.00",10,15,32505.00,"3,250.50",29254.50,21670.00,7584.50,1/10/2013,10, October ,2013
Government,Germany, Paseo , High ,241,10,20,4820.00,482,4338.00,2410.00,1928.00,1/10/2014,10, October ,2014
Midmarket,Germany, Velo , High ,681,120,15,10215.00,"1,021.50",9193.50,6810.00,2383.50,1/1/2014,1, January ,2014
Midmarket,Germany, Velo , High ,510,120,15,7650.00,765,6885.00,5100.00,1785.00,1/4/2014,4, April ,2014
Midmarket,United States of America, Velo , High ,790,120,15,11850.00,"1,185.00",10665.00,7900.00,2765.00,1/5/2014,5, May ,2014
Government,France, Velo , High ,639,120,350," 2,23,650.00 ","22,365.00"," 2,01,285.00 "," 1,66,140.00 ",35145.00,1/7/2014,7, July ,2014
Enterprise,United States of America, Velo , High ,"1,596.00",120,125," 1,99,500.00 ","19,950.00"," 1,79,550.00 "," 1,91,520.00 ",-11970.00,1/9/2014,9, September ,2014
Small Business,United States of America, Velo , High ,"2,294.00",120,300," 6,88,200.00 ","68,820.00"," 6,19,380.00 "," 5,73,500.00 ",45880.00,1/10/2013,10, October ,2013
Government,Germany, Velo , High ,241,120,20,4820.00,482,4338.00,2410.00,1928.00,1/10/2014,10, October ,2014
Government,Germany, Velo , High ,"2,665.00",120,7,18655.00,"1,865.50",16789.50,13325.00,3464.50,1/11/2014,11, November ,2014
Enterprise,Canada, Velo , High ,"1,916.00",120,125," 2,39,500.00 ","23,950.00"," 2,15,550.00 "," 2,29,920.00 ",-14370.00,1/12/2013,12, December ,2013
Small Business,France, Velo , High ,853,120,300," 2,55,900.00 ","25,590.00"," 2,30,310.00 "," 2,13,250.00 ",17060.00,1/12/2014,12, December ,2014
Enterprise,Mexico, VTT , High ,341,250,125,42625.00,"4,262.50",38362.50,40920.00,-2557.50,1/5/2014,5, May ,2014
Midmarket,Mexico, VTT , High ,641,250,15,9615.00,961.5,8653.50,6410.00,2243.50,1/7/2014,7, July ,2014
Government,United States of America, VTT , High ,"2,807.00",250,350," 9,82,450.00 ","98,245.00"," 8,84,205.00 "," 7,29,820.00 "," 1,54,385.00 ",1/8/2014,8, August ,2014
Small Business,Mexico, VTT , High ,432,250,300," 1,29,600.00 ","12,960.00"," 1,16,640.00 "," 1,08,000.00 ",8640.00,1/9/2014,9, September ,2014
Small Business,United States of America, VTT , High ,"2,294.00",250,300," 6,88,200.00 ","68,820.00"," 6,19,380.00 "," 5,73,500.00 ",45880.00,1/10/2013,10, October ,2013
Midmarket,France, VTT , High ,"2,167.00",250,15,32505.00,"3,250.50",29254.50,21670.00,7584.50,1/10/2013,10, October ,2013
Enterprise,Canada, VTT , High ,"2,529.00",250,125," 3,16,125.00 ","31,612.50"," 2,84,512.50 "," 3,03,480.00 ",-18967.50,1/11/2014,11, November ,2014
Government,Germany, VTT , High ,"1,870.00",250,350," 6,54,500.00 ","65,450.00"," 5,89,050.00 "," 4,86,200.00 "," 1,02,850.00 ",1/12/2013,12, December ,2013
Enterprise,United States of America, Amarilla , High ,579,260,125,72375.00,"7,237.50",65137.50,69480.00,-4342.50,1/1/2014,1, January ,2014
Government,Canada, Amarilla , High ,"2,240.00",260,350," 7,84,000.00 ","78,400.00"," 7,05,600.00 "," 5,82,400.00 "," 1,23,200.00 ",1/2/2014,2, February ,2014
Small Business,United States of America, Amarilla , High ,"2,993.00",260,300," 8,97,900.00 ","89,790.00"," 8,08,110.00 "," 7,48,250.00 ",59860.00,1/3/2014,3, March ,2014
Channel Partners,Canada, Amarilla , High ,"3,520.50",260,12,42246.00,"4,224.60",38021.40,10561.50,27459.90,1/4/2014,4, April ,2014
Government,Mexico, Amarilla , High ,"2,039.00",260,20,40780.00,"4,078.00",36702.00,20390.00,16312.00,1/5/2014,5, May ,2014
Channel Partners,Germany, Amarilla , High ,"2,574.00",260,12,30888.00,"3,088.80",27799.20,7722.00,20077.20,1/8/2014,8, August ,2014
Government,Canada, Amarilla , High ,707,260,350," 2,47,450.00 ","24,745.00"," 2,22,705.00 "," 1,83,820.00 ",38885.00,1/9/2014,9, September ,2014
Midmarket,France, Amarilla , High ,"2,072.00",260,15,31080.00,"3,108.00",27972.00,20720.00,7252.00,1/12/2014,12, December ,2014
Small Business,France, Amarilla , High ,853,260,300," 2,55,900.00 ","25,590.00"," 2,30,310.00 "," 2,13,250.00 ",17060.00,1/12/2014,12, December ,2014
Channel Partners,France, Carretera , High ,"1,198.00",3,12,14376.00,"1,581.36",12794.64,3594.00,9200.64,1/10/2013,10, October ,2013
Government,France, Paseo , High ,"2,532.00",10,7,17724.00,"1,949.64",15774.36,12660.00,3114.36,1/4/2014,4, April ,2014
Channel Partners,France, Paseo , High ,"1,198.00",10,12,14376.00,"1,581.36",12794.64,3594.00,9200.64,1/10/2013,10, October ,2013
Midmarket,Canada, Velo , High ,384,120,15,5760.00,633.6,5126.40,3840.00,1286.40,1/1/2014,1, January ,2014
Channel Partners,Germany, Velo , High ,472,120,12,5664.00,623.04,5040.96,1416.00,3624.96,1/10/2014,10, October ,2014
Government,United States of America, VTT , High ,"1,579.00",250,7,11053.00,"1,215.83",9837.17,7895.00,1942.17,1/3/2014,3, March ,2014
Channel Partners,Mexico, VTT , High ,"1,005.00",250,12,12060.00,"1,326.60",10733.40,3015.00,7718.40,1/9/2013,9, September ,2013
Midmarket,United States of America, Amarilla , High ,"3,199.50",260,15,47992.50,"5,279.18",42713.33,31995.00,10718.33,1/7/2014,7, July ,2014
Channel Partners,Germany, Amarilla , High ,472,260,12,5664.00,623.04,5040.96,1416.00,3624.96,1/10/2014,10, October ,2014
Channel Partners,Canada, Carretera , High ,"1,937.00",3,12,23244.00,"2,556.84",20687.16,5811.00,14876.16,1/2/2014,2, February ,2014
Government,Germany, Carretera , High ,792,3,350," 2,77,200.00 ","30,492.00"," 2,46,708.00 "," 2,05,920.00 ",40788.00,1/3/2014,3, March ,2014
Small Business,Germany, Carretera , High ,"2,811.00",3,300," 8,43,300.00 ","92,763.00"," 7,50,537.00 "," 7,02,750.00 ",47787.00,1/7/2014,7, July ,2014
Enterprise,France, Carretera , High ,"2,441.00",3,125," 3,05,125.00 ","33,563.75"," 2,71,561.25 "," 2,92,920.00 ",-21358.75,1/10/2014,10, October ,2014
Midmarket,Canada, Carretera , High ,"1,560.00",3,15,23400.00,"2,574.00",20826.00,15600.00,5226.00,1/11/2013,11, November ,2013
Government,Mexico, Carretera , High ,"2,706.00",3,7,18942.00,"2,083.62",16858.38,13530.00,3328.38,1/11/2013,11, November ,2013
Government,Germany, Montana , High ,766,5,350," 2,68,100.00 ","29,491.00"," 2,38,609.00 "," 1,99,160.00 ",39449.00,1/1/2014,1, January ,2014
Government,Germany, Montana , High ,"2,992.00",5,20,59840.00,"6,582.40",53257.60,29920.00,23337.60,1/10/2013,10, October ,2013
Midmarket,Mexico, Montana , High ,"2,157.00",5,15,32355.00,"3,559.05",28795.95,21570.00,7225.95,1/12/2014,12, December ,2014
Small Business,Canada, Paseo , High ,873,10,300," 2,61,900.00 ","28,809.00"," 2,33,091.00 "," 2,18,250.00 ",14841.00,1/1/2014,1, January ,2014
Government,Mexico, Paseo , High ,"1,122.00",10,20,22440.00,"2,468.40",19971.60,11220.00,8751.60,1/3/2014,3, March ,2014
Government,Canada, Paseo , High ,"2,104.50",10,350," 7,36,575.00 ","81,023.25"," 6,55,551.75 "," 5,47,170.00 "," 1,08,381.75 ",1/7/2014,7, July ,2014
Channel Partners,Canada, Paseo , High ,"4,026.00",10,12,48312.00,"5,314.32",42997.68,12078.00,30919.68,1/7/2014,7, July ,2014
Channel Partners,France, Paseo , High ,"2,425.50",10,12,29106.00,"3,201.66",25904.34,7276.50,18627.84,1/7/2014,7, July ,2014
Government,Canada, Paseo , High ,"2,394.00",10,20,47880.00,"5,266.80",42613.20,23940.00,18673.20,1/8/2014,8, August ,2014
Midmarket,Mexico, Paseo , High ,"1,984.00",10,15,29760.00,"3,273.60",26486.40,19840.00,6646.40,1/8/2014,8, August ,2014
Enterprise,France, Paseo , High ,"2,441.00",10,125," 3,05,125.00 ","33,563.75"," 2,71,561.25 "," 2,92,920.00 ",-21358.75,1/10/2014,10, October ,2014
Government,Germany, Paseo , High ,"2,992.00",10,20,59840.00,"6,582.40",53257.60,29920.00,23337.60,1/10/2013,10, October ,2013
Small Business,Canada, Paseo , High ,"1,366.00",10,300," 4,09,800.00 ","45,078.00"," 3,64,722.00 "," 3,41,500.00 ",23222.00,1/11/2014,11, November ,2014
Government,France, Velo , High ,"2,805.00",120,20,56100.00,"6,171.00",49929.00,28050.00,21879.00,1/9/2013,9, September ,2013
Midmarket,Mexico, Velo , High ,655,120,15,9825.00,"1,080.75",8744.25,6550.00,2194.25,1/9/2013,9, September ,2013
Government,Mexico, Velo , High ,344,120,350," 1,20,400.00 ","13,244.00"," 1,07,156.00 ",89440.00,17716.00,1/10/2013,10, October ,2013
Government,Canada, Velo , High ,"1,808.00",120,7,12656.00,"1,392.16",11263.84,9040.00,2223.84,1/11/2014,11, November ,2014
Channel Partners,France, VTT , High ,"1,734.00",250,12,20808.00,"2,288.88",18519.12,5202.00,13317.12,1/1/2014,1, January ,2014
Enterprise,Mexico, VTT , High ,554,250,125,69250.00,"7,617.50",61632.50,66480.00,-4847.50,1/1/2014,1, January ,2014
Government,Canada, VTT , High ,"2,935.00",250,20,58700.00,"6,457.00",52243.00,29350.00,22893.00,1/11/2013,11, November ,2013
Enterprise,Germany, Amarilla , High ,"3,165.00",260,125," 3,95,625.00 ","43,518.75"," 3,52,106.25 "," 3,79,800.00 ",-27693.75,1/1/2014,1, January ,2014
Government,Mexico, Amarilla , High ,"2,629.00",260,20,52580.00,"5,783.80",46796.20,26290.00,20506.20,1/1/2014,1, January ,2014
Enterprise,France, Amarilla , High ,"1,433.00",260,125," 1,79,125.00 ","19,703.75"," 1,59,421.25 "," 1,71,960.00 ",-12538.75,1/5/2014,5, May ,2014
Enterprise,Mexico, Amarilla , High ,947,260,125," 1,18,375.00 ","13,021.25"," 1,05,353.75 "," 1,13,640.00 ",-8286.25,1/9/2013,9, September ,2013
Government,Mexico, Amarilla , High ,344,260,350," 1,20,400.00 ","13,244.00"," 1,07,156.00 ",89440.00,17716.00,1/10/2013,10, October ,2013
Midmarket,Mexico, Amarilla , High ,"2,157.00",260,15,32355.00,"3,559.05",28795.95,21570.00,7225.95,1/12/2014,12, December ,2014
Government,United States of America, Paseo , High ,380,10,7,2660.00,292.6,2367.40,1900.00,467.40,1/9/2013,9, September ,2013
Government,Mexico, Carretera , High ,886,3,350," 3,10,100.00 ","37,212.00"," 2,72,888.00 "," 2,30,360.00 ",42528.00,1/6/2014,6, June ,2014
Enterprise,Canada, Carretera , High ,"2,416.00",3,125," 3,02,000.00 ","36,240.00"," 2,65,760.00 "," 2,89,920.00 ",-24160.00,1/9/2013,9, September ,2013
Enterprise,Mexico, Carretera , High ,"2,156.00",3,125," 2,69,500.00 ","32,340.00"," 2,37,160.00 "," 2,58,720.00 ",-21560.00,1/10/2014,10, October ,2014
Midmarket,Canada, Carretera , High ,"2,689.00",3,15,40335.00,"4,840.20",35494.80,26890.00,8604.80,1/11/2014,11, November ,2014
Midmarket,United States of America, Montana , High ,677,5,15,10155.00,"1,218.60",8936.40,6770.00,2166.40,1/3/2014,3, March ,2014
Small Business,France, Montana , High ,"1,773.00",5,300," 5,31,900.00 ","63,828.00"," 4,68,072.00 "," 4,43,250.00 ",24822.00,1/4/2014,4, April ,2014
Government,Mexico, Montana , High ,"2,420.00",5,7,16940.00,"2,032.80",14907.20,12100.00,2807.20,1/9/2014,9, September ,2014
Government,Canada, Montana , High ,"2,734.00",5,7,19138.00,"2,296.56",16841.44,13670.00,3171.44,1/10/2014,10, October ,2014
Government,Mexico, Montana , High ,"1,715.00",5,20,34300.00,"4,116.00",30184.00,17150.00,13034.00,1/10/2013,10, October ,2013
Small Business,France, Montana , High ,"1,186.00",5,300," 3,55,800.00 ","42,696.00"," 3,13,104.00 "," 2,96,500.00 ",16604.00,1/12/2013,12, December ,2013
Small Business,United States of America, Paseo , High ,"3,495.00",10,300," 10,48,500.00 "," 1,25,820.00 "," 9,22,680.00 "," 8,73,750.00 ",48930.00,1/1/2014,1, January ,2014
Government,Mexico, Paseo , High ,886,10,350," 3,10,100.00 ","37,212.00"," 2,72,888.00 "," 2,30,360.00 ",42528.00,1/6/2014,6, June ,2014
Enterprise,Mexico, Paseo , High ,"2,156.00",10,125," 2,69,500.00 ","32,340.00"," 2,37,160.00 "," 2,58,720.00 ",-21560.00,1/10/2014,10, October ,2014
Government,Mexico, Paseo , High ,905,10,20,18100.00,"2,172.00",15928.00,9050.00,6878.00,1/10/2014,10, October ,2014
Government,Mexico, Paseo , High ,"1,715.00",10,20,34300.00,"4,116.00",30184.00,17150.00,13034.00,1/10/2013,10, October ,2013
Government,France, Paseo , High ,"1,594.00",10,350," 5,57,900.00 ","66,948.00"," 4,90,952.00 "," 4,14,440.00 ",76512.00,1/11/2014,11, November ,2014
Small Business,Germany, Paseo , High ,"1,359.00",10,300," 4,07,700.00 ","48,924.00"," 3,58,776.00 "," 3,39,750.00 ",19026.00,1/11/2014,11, November ,2014
Small Business,Mexico, Paseo , High ,"2,150.00",10,300," 6,45,000.00 ","77,400.00"," 5,67,600.00 "," 5,37,500.00 ",30100.00,1/11/2014,11, November ,2014
Government,Mexico, Paseo , High ,"1,197.00",10,350," 4,18,950.00 ","50,274.00"," 3,68,676.00 "," 3,11,220.00 ",57456.00,1/11/2014,11, November ,2014
Midmarket,Mexico, Paseo , High ,380,10,15,5700.00,684,5016.00,3800.00,1216.00,1/12/2013,12, December ,2013
Government,Mexico, Paseo , High ,"1,233.00",10,20,24660.00,"2,959.20",21700.80,12330.00,9370.80,1/12/2014,12, December ,2014
Government,Mexico, Velo , High ,"1,395.00",120,350," 4,88,250.00 ","58,590.00"," 4,29,660.00 "," 3,62,700.00 ",66960.00,1/7/2014,7, July ,2014
Government,United States of America, Velo , High ,986,120,350," 3,45,100.00 ","41,412.00"," 3,03,688.00 "," 2,56,360.00 ",47328.00,1/10/2014,10, October ,2014
Government,Mexico, Velo , High ,905,120,20,18100.00,"2,172.00",15928.00,9050.00,6878.00,1/10/2014,10, October ,2014
Channel Partners,Canada, VTT , High ,"2,109.00",250,12,25308.00,"3,036.96",22271.04,6327.00,15944.04,1/5/2014,5, May ,2014
Midmarket,France, VTT , High ,"3,874.50",250,15,58117.50,"6,974.10",51143.40,38745.00,12398.40,1/7/2014,7, July ,2014
Government,Canada, VTT , High ,623,250,350," 2,18,050.00 ","26,166.00"," 1,91,884.00 "," 1,61,980.00 ",29904.00,1/9/2013,9, September ,2013
Government,United States of America, VTT , High ,986,250,350," 3,45,100.00 ","41,412.00"," 3,03,688.00 "," 2,56,360.00 ",47328.00,1/10/2014,10, October ,2014
Enterprise,United States of America, VTT , High ,"2,387.00",250,125," 2,98,375.00 ","35,805.00"," 2,62,570.00 "," 2,86,440.00 ",-23870.00,1/11/2014,11, November ,2014
Government,Mexico, VTT , High ,"1,233.00",250,20,24660.00,"2,959.20",21700.80,12330.00,9370.80,1/12/2014,12, December ,2014
Government,United States of America, Amarilla , High ,270,260,350,94500.00,"11,340.00",83160.00,70200.00,12960.00,1/2/2014,2, February ,2014
Government,France, Amarilla , High ,"3,421.50",260,7,23950.50,"2,874.06",21076.44,17107.50,3968.94,1/7/2014,7, July ,2014
Government,Canada, Amarilla , High ,"2,734.00",260,7,19138.00,"2,296.56",16841.44,13670.00,3171.44,1/10/2014,10, October ,2014
Midmarket,United States of America, Amarilla , High ,"2,548.00",260,15,38220.00,"4,586.40",33633.60,25480.00,8153.60,1/11/2013,11, November ,2013
Government,France, Carretera , High ,"2,521.50",3,20,50430.00,"6,051.60",44378.40,25215.00,19163.40,1/1/2014,1, January ,2014
Channel Partners,Mexico, Montana , High ,"2,661.00",5,12,31932.00,"3,831.84",28100.16,7983.00,20117.16,1/5/2014,5, May ,2014
Government,Germany, Paseo , High ,"1,531.00",10,20,30620.00,"3,674.40",26945.60,15310.00,11635.60,1/12/2014,12, December ,2014
Government,France, VTT , High ,"1,491.00",250,7,10437.00,"1,252.44",9184.56,7455.00,1729.56,1/3/2014,3, March ,2014
Government,Germany, VTT , High ,"1,531.00",250,20,30620.00,"3,674.40",26945.60,15310.00,11635.60,1/12/2014,12, December ,2014
Channel Partners,Canada, Amarilla , High ,"2,761.00",260,12,33132.00,"3,975.84",29156.16,8283.00,20873.16,1/9/2013,9, September ,2013
Midmarket,United States of America, Carretera , High ,"2,567.00",3,15,38505.00,"5,005.65",33499.35,25670.00,7829.35,1/6/2014,6, June ,2014
Midmarket,United States of America, VTT , High ,"2,567.00",250,15,38505.00,"5,005.65",33499.35,25670.00,7829.35,1/6/2014,6, June ,2014
Government,Canada, Carretera , High ,923,3,350," 3,23,050.00 ","41,996.50"," 2,81,053.50 "," 2,39,980.00 ",41073.50,1/3/2014,3, March ,2014
Government,France, Carretera , High ,"1,790.00",3,350," 6,26,500.00 ","81,445.00"," 5,45,055.00 "," 4,65,400.00 ",79655.00,1/3/2014,3, March ,2014
Government,Germany, Carretera , High ,442,3,20,8840.00,"1,149.20",7690.80,4420.00,3270.80,1/9/2013,9, September ,2013
Government,United States of America, Montana , High ,982.5,5,350," 3,43,875.00 ","44,703.75"," 2,99,171.25 "," 2,55,450.00 ",43721.25,1/1/2014,1, January ,2014
Government,United States of America, Montana , High ,"1,298.00",5,7,9086.00,"1,181.18",7904.82,6490.00,1414.82,1/2/2014,2, February ,2014
Channel Partners,Mexico, Montana , High ,604,5,12,7248.00,942.24,6305.76,1812.00,4493.76,1/6/2014,6, June ,2014
Government,Mexico, Montana , High ,"2,255.00",5,20,45100.00,"5,863.00",39237.00,22550.00,16687.00,1/7/2014,7, July ,2014
Government,Canada, Montana , High ,"1,249.00",5,20,24980.00,"3,247.40",21732.60,12490.00,9242.60,1/10/2014,10, October ,2014
Government,United States of America, Paseo , High ,"1,438.50",10,7,10069.50,"1,309.04",8760.47,7192.50,1567.97,1/1/2014,1, January ,2014
Small Business,Germany, Paseo , High ,807,10,300," 2,42,100.00 ","31,473.00"," 2,10,627.00 "," 2,01,750.00 ",8877.00,1/1/2014,1, January ,2014
Government,United States of America, Paseo , High ,"2,641.00",10,20,52820.00,"6,866.60",45953.40,26410.00,19543.40,1/2/2014,2, February ,2014
Government,Germany, Paseo , High ,"2,708.00",10,20,54160.00,"7,040.80",47119.20,27080.00,20039.20,1/2/2014,2, February ,2014
Government,Canada, Paseo , High ,"2,632.00",10,350," 9,21,200.00 "," 1,19,756.00 "," 8,01,444.00 "," 6,84,320.00 "," 1,17,124.00 ",1/6/2014,6, June ,2014
Enterprise,Canada, Paseo , High ,"1,583.00",10,125," 1,97,875.00 ","25,723.75"," 1,72,151.25 "," 1,89,960.00 ",-17808.75,1/6/2014,6, June ,2014
Channel Partners,Mexico, Paseo , High ,571,10,12,6852.00,890.76,5961.24,1713.00,4248.24,1/7/2014,7, July ,2014
Government,France, Paseo , High ,"2,696.00",10,7,18872.00,"2,453.36",16418.64,13480.00,2938.64,1/8/2014,8, August ,2014
Midmarket,Canada, Paseo , High ,"1,565.00",10,15,23475.00,"3,051.75",20423.25,15650.00,4773.25,1/10/2014,10, October ,2014
Government,Canada, Paseo , High ,"1,249.00",10,20,24980.00,"3,247.40",21732.60,12490.00,9242.60,1/10/2014,10, October ,2014
Government,Germany, Paseo , High ,357,10,350," 1,24,950.00 ","16,243.50"," 1,08,706.50 ",92820.00,15886.50,1/11/2014,11, November ,2014
Channel Partners,Germany, Paseo , High ,"1,013.00",10,12,12156.00,"1,580.28",10575.72,3039.00,7536.72,1/12/2014,12, December ,2014
Midmarket,France, Velo , High ,"3,997.50",120,15,59962.50,"7,795.13",52167.38,39975.00,12192.38,1/1/2014,1, January ,2014
Government,Canada, Velo , High ,"2,632.00",120,350," 9,21,200.00 "," 1,19,756.00 "," 8,01,444.00 "," 6,84,320.00 "," 1,17,124.00 ",1/6/2014,6, June ,2014
Government,France, Velo , High ,"1,190.00",120,7,8330.00,"1,082.90",7247.10,5950.00,1297.10,1/6/2014,6, June ,2014
Channel Partners,Mexico, Velo , High ,604,120,12,7248.00,942.24,6305.76,1812.00,4493.76,1/6/2014,6, June ,2014
Midmarket,Germany, Velo , High ,660,120,15,9900.00,"1,287.00",8613.00,6600.00,2013.00,1/9/2013,9, September ,2013
Channel Partners,Mexico, Velo , High ,410,120,12,4920.00,639.6,4280.40,1230.00,3050.40,1/10/2014,10, October ,2014
Small Business,Mexico, Velo , High ,"2,605.00",120,300," 7,81,500.00 "," 1,01,595.00 "," 6,79,905.00 "," 6,51,250.00 ",28655.00,1/11/2013,11, November ,2013
Channel Partners,Germany, Velo , High ,"1,013.00",120,12,12156.00,"1,580.28",10575.72,3039.00,7536.72,1/12/2014,12, December ,2014
Enterprise,Canada, VTT , High ,"1,583.00",250,125," 1,97,875.00 ","25,723.75"," 1,72,151.25 "," 1,89,960.00 ",-17808.75,1/6/2014,6, June ,2014
Midmarket,Canada, VTT , High ,"1,565.00",250,15,23475.00,"3,051.75",20423.25,15650.00,4773.25,1/10/2014,10, October ,2014
Enterprise,Canada, Amarilla , High ,"1,659.00",260,125," 2,07,375.00 ","26,958.75"," 1,80,416.25 "," 1,99,080.00 ",-18663.75,1/1/2014,1, January ,2014
Government,France, Amarilla , High ,"1,190.00",260,7,8330.00,"1,082.90",7247.10,5950.00,1297.10,1/6/2014,6, June ,2014
Channel Partners,Mexico, Amarilla , High ,410,260,12,4920.00,639.6,4280.40,1230.00,3050.40,1/10/2014,10, October ,2014
Channel Partners,Germany, Amarilla , High ,"1,770.00",260,12,21240.00,"2,761.20",18478.80,5310.00,13168.80,1/12/2013,12, December ,2013
Government,Mexico, Carretera , High ,"2,579.00",3,20,51580.00,"7,221.20",44358.80,25790.00,18568.80,1/4/2014,4, April ,2014
Government,United States of America, Carretera , High ,"1,743.00",3,20,34860.00,"4,880.40",29979.60,17430.00,12549.60,1/5/2014,5, May ,2014
Government,United States of America, Carretera , High ,"2,996.00",3,7,20972.00,"2,936.08",18035.92,14980.00,3055.92,1/10/2013,10, October ,2013
Government,Germany, Carretera , High ,280,3,7,1960.00,274.4,1685.60,1400.00,285.60,1/12/2014,12, December ,2014
Government,France, Montana , High ,293,5,7,2051.00,287.14,1763.86,1465.00,298.86,1/2/2014,2, February ,2014
Government,United States of America, Montana , High ,"2,996.00",5,7,20972.00,"2,936.08",18035.92,14980.00,3055.92,1/10/2013,10, October ,2013
Midmarket,Germany, Paseo , High ,278,10,15,4170.00,583.8,3586.20,2780.00,806.20,1/2/2014,2, February ,2014
Government,Canada, Paseo , High ,"2,428.00",10,20,48560.00,"6,798.40",41761.60,24280.00,17481.60,1/3/2014,3, March ,2014
Midmarket,United States of America, Paseo , High ,"1,767.00",10,15,26505.00,"3,710.70",22794.30,17670.00,5124.30,1/9/2014,9, September ,2014
Channel Partners,France, Paseo , High ,"1,393.00",10,12,16716.00,"2,340.24",14375.76,4179.00,10196.76,1/10/2014,10, October ,2014
Government,Germany, VTT , High ,280,250,7,1960.00,274.4,1685.60,1400.00,285.60,1/12/2014,12, December ,2014
Channel Partners,France, Amarilla , High ,"1,393.00",260,12,16716.00,"2,340.24",14375.76,4179.00,10196.76,1/10/2014,10, October ,2014
Channel Partners,United States of America, Amarilla , High ,"2,015.00",260,12,24180.00,"3,385.20",20794.80,6045.00,14749.80,1/12/2013,12, December ,2013
Small Business,Mexico, Carretera , High ,801,3,300," 2,40,300.00 ","33,642.00"," 2,06,658.00 "," 2,00,250.00 ",6408.00,1/7/2014,7, July ,2014
Enterprise,France, Carretera , High ,"1,023.00",3,125," 1,27,875.00 ","17,902.50"," 1,09,972.50 "," 1,22,760.00 ",-12787.50,1/9/2013,9, September ,2013
Small Business,Canada, Carretera , High ,"1,496.00",3,300," 4,48,800.00 ","62,832.00"," 3,85,968.00 "," 3,74,000.00 ",11968.00,1/10/2014,10, October ,2014
Small Business,United States of America, Carretera , High ,"1,010.00",3,300," 3,03,000.00 ","42,420.00"," 2,60,580.00 "," 2,52,500.00 ",8080.00,1/10/2014,10, October ,2014
Midmarket,Germany, Carretera , High ,"1,513.00",3,15,22695.00,"3,177.30",19517.70,15130.00,4387.70,1/11/2014,11, November ,2014
Midmarket,Canada, Carretera , High ,"2,300.00",3,15,34500.00,"4,830.00",29670.00,23000.00,6670.00,1/12/2014,12, December ,2014
Enterprise,Mexico, Carretera , High ,"2,821.00",3,125," 3,52,625.00 ","49,367.50"," 3,03,257.50 "," 3,38,520.00 ",-35262.50,1/12/2013,12, December ,2013
Government,Canada, Montana , High ,"2,227.50",5,350," 7,79,625.00 "," 1,09,147.50 "," 6,70,477.50 "," 5,79,150.00 ",91327.50,1/1/2014,1, January ,2014
Government,Germany, Montana , High ,"1,199.00",5,350," 4,19,650.00 ","58,751.00"," 3,60,899.00 "," 3,11,740.00 ",49159.00,1/4/2014,4, April ,2014
Government,Canada, Montana , High ,200,5,350,70000.00,"9,800.00",60200.00,52000.00,8200.00,1/5/2014,5, May ,2014
Government,Canada, Montana , High ,388,5,7,2716.00,380.24,2335.76,1940.00,395.76,1/9/2014,9, September ,2014
Government,Mexico, Montana , High ,"1,727.00",5,7,12089.00,"1,692.46",10396.54,8635.00,1761.54,1/10/2013,10, October ,2013
Midmarket,Canada, Montana , High ,"2,300.00",5,15,34500.00,"4,830.00",29670.00,23000.00,6670.00,1/12/2014,12, December ,2014
Government,Mexico, Paseo , High ,260,10,20,5200.00,728,4472.00,2600.00,1872.00,1/2/2014,2, February ,2014
Midmarket,Canada, Paseo , High ,"2,470.00",10,15,37050.00,"5,187.00",31863.00,24700.00,7163.00,1/9/2013,9, September ,2013
Midmarket,Canada, Paseo , High ,"1,743.00",10,15,26145.00,"3,660.30",22484.70,17430.00,5054.70,1/10/2013,10, October ,2013
Channel Partners,United States of America, Paseo , High ,"2,914.00",10,12,34968.00,"4,895.52",30072.48,8742.00,21330.48,1/10/2014,10, October ,2014
Government,France, Paseo , High ,"1,731.00",10,7,12117.00,"1,696.38",10420.62,8655.00,1765.62,1/10/2014,10, October ,2014
Government,Canada, Paseo , High ,700,10,350," 2,45,000.00 ","34,300.00"," 2,10,700.00 "," 1,82,000.00 ",28700.00,1/11/2014,11, November ,2014
Channel Partners,Canada, Paseo , High ,"2,222.00",10,12,26664.00,"3,732.96",22931.04,6666.00,16265.04,1/11/2013,11, November ,2013
Government,United States of America, Paseo , High ,"1,177.00",10,350," 4,11,950.00 ","57,673.00"," 3,54,277.00 "," 3,06,020.00 ",48257.00,1/11/2014,11, November ,2014
Government,France, Paseo , High ,"1,922.00",10,350," 6,72,700.00 ","94,178.00"," 5,78,522.00 "," 4,99,720.00 ",78802.00,1/11/2013,11, November ,2013
Enterprise,Mexico, Velo , High ,"1,575.00",120,125," 1,96,875.00 ","27,562.50"," 1,69,312.50 "," 1,89,000.00 ",-19687.50,1/2/2014,2, February ,2014
Government,United States of America, Velo , High ,606,120,20,12120.00,"1,696.80",10423.20,6060.00,4363.20,1/4/2014,4, April ,2014
Small Business,United States of America, Velo , High ,"2,460.00",120,300," 7,38,000.00 "," 1,03,320.00 "," 6,34,680.00 "," 6,15,000.00 ",19680.00,1/7/2014,7, July ,2014
Small Business,Canada, Velo , High ,269,120,300,80700.00,"11,298.00",69402.00,67250.00,2152.00,1/10/2013,10, October ,2013
Small Business,Germany, Velo , High ,"2,536.00",120,300," 7,60,800.00 "," 1,06,512.00 "," 6,54,288.00 "," 6,34,000.00 ",20288.00,1/11/2013,11, November ,2013
Government,Mexico, VTT , High ,"2,903.00",250,7,20321.00,"2,844.94",17476.06,14515.00,2961.06,1/3/2014,3, March ,2014
Small Business,United States of America, VTT , High ,"2,541.00",250,300," 7,62,300.00 "," 1,06,722.00 "," 6,55,578.00 "," 6,35,250.00 ",20328.00,1/8/2014,8, August ,2014
Small Business,Canada, VTT , High ,269,250,300,80700.00,"11,298.00",69402.00,67250.00,2152.00,1/10/2013,10, October ,2013
Small Business,Canada, VTT , High ,"1,496.00",250,300," 4,48,800.00 ","62,832.00"," 3,85,968.00 "," 3,74,000.00 ",11968.00,1/10/2014,10, October ,2014
Small Business,United States of America, VTT , High ,"1,010.00",250,300," 3,03,000.00 ","42,420.00"," 2,60,580.00 "," 2,52,500.00 ",8080.00,1/10/2014,10, October ,2014
Government,France, VTT , High ,"1,281.00",250,350," 4,48,350.00 ","62,769.00"," 3,85,581.00 "," 3,33,060.00 ",52521.00,1/12/2013,12, December ,2013
Small Business,Canada, Amarilla , High ,888,260,300," 2,66,400.00 ","37,296.00"," 2,29,104.00 "," 2,22,000.00 ",7104.00,1/3/2014,3, March ,2014
Enterprise,United States of America, Amarilla , High ,"2,844.00",260,125," 3,55,500.00 ","49,770.00"," 3,05,730.00 "," 3,41,280.00 ",-35550.00,1/5/2014,5, May ,2014
Channel Partners,France, Amarilla , High ,"2,475.00",260,12,29700.00,"4,158.00",25542.00,7425.00,18117.00,1/8/2014,8, August ,2014
Midmarket,Canada, Amarilla , High ,"1,743.00",260,15,26145.00,"3,660.30",22484.70,17430.00,5054.70,1/10/2013,10, October ,2013
Channel Partners,United States of America, Amarilla , High ,"2,914.00",260,12,34968.00,"4,895.52",30072.48,8742.00,21330.48,1/10/2014,10, October ,2014
Government,France, Amarilla , High ,"1,731.00",260,7,12117.00,"1,696.38",10420.62,8655.00,1765.62,1/10/2014,10, October ,2014
Government,Mexico, Amarilla , High ,"1,727.00",260,7,12089.00,"1,692.46",10396.54,8635.00,1761.54,1/10/2013,10, October ,2013
Midmarket,Mexico, Amarilla , High ,"1,870.00",260,15,28050.00,"3,927.00",24123.00,18700.00,5423.00,1/11/2013,11, November ,2013
Enterprise,France, Carretera , High ,"1,174.00",3,125," 1,46,750.00 ","22,012.50"," 1,24,737.50 "," 1,40,880.00 ",-16142.50,1/8/2014,8, August ,2014
Enterprise,Germany, Carretera , High ,"2,767.00",3,125," 3,45,875.00 ","51,881.25"," 2,93,993.75 "," 3,32,040.00 ",-38046.25,1/8/2014,8, August ,2014
Enterprise,Germany, Carretera , High ,"1,085.00",3,125," 1,35,625.00 ","20,343.75"," 1,15,281.25 "," 1,30,200.00 ",-14918.75,1/10/2014,10, October ,2014
Small Business,Mexico, Montana , High ,546,5,300," 1,63,800.00 ","24,570.00"," 1,39,230.00 "," 1,36,500.00 ",2730.00,1/10/2014,10, October ,2014
Government,Germany, Paseo , High ,"1,158.00",10,20,23160.00,"3,474.00",19686.00,11580.00,8106.00,1/3/2014,3, March ,2014
Midmarket,Canada, Paseo , High ,"1,614.00",10,15,24210.00,"3,631.50",20578.50,16140.00,4438.50,1/4/2014,4, April ,2014
Government,Mexico, Paseo , High ,"2,535.00",10,7,17745.00,"2,661.75",15083.25,12675.00,2408.25,1/4/2014,4, April ,2014
Government,Mexico, Paseo , High ,"2,851.00",10,350," 9,97,850.00 "," 1,49,677.50 "," 8,48,172.50 "," 7,41,260.00 "," 1,06,912.50 ",1/5/2014,5, May ,2014
Midmarket,Canada, Paseo , High ,"2,559.00",10,15,38385.00,"5,757.75",32627.25,25590.00,7037.25,1/8/2014,8, August ,2014
Government,United States of America, Paseo , High ,267,10,20,5340.00,801,4539.00,2670.00,1869.00,1/10/2013,10, October ,2013
Enterprise,Germany, Paseo , High ,"1,085.00",10,125," 1,35,625.00 ","20,343.75"," 1,15,281.25 "," 1,30,200.00 ",-14918.75,1/10/2014,10, October ,2014
Midmarket,Germany, Paseo , High ,"1,175.00",10,15,17625.00,"2,643.75",14981.25,11750.00,3231.25,1/10/2014,10, October ,2014
Government,United States of America, Paseo , High ,"2,007.00",10,350," 7,02,450.00 "," 1,05,367.50 "," 5,97,082.50 "," 5,21,820.00 ",75262.50,1/11/2013,11, November ,2013
Government,Mexico, Paseo , High ,"2,151.00",10,350," 7,52,850.00 "," 1,12,927.50 "," 6,39,922.50 "," 5,59,260.00 ",80662.50,1/11/2013,11, November ,2013
Channel Partners,United States of America, Paseo , High ,914,10,12,10968.00,"1,645.20",9322.80,2742.00,6580.80,1/12/2014,12, December ,2014
Government,France, Paseo , High ,293,10,20,5860.00,879,4981.00,2930.00,2051.00,1/12/2014,12, December ,2014
Channel Partners,Mexico, Velo , High ,500,120,12,6000.00,900,5100.00,1500.00,3600.00,1/3/2014,3, March ,2014
Midmarket,France, Velo , High ,"2,826.00",120,15,42390.00,"6,358.50",36031.50,28260.00,7771.50,1/5/2014,5, May ,2014
Enterprise,France, Velo , High ,663,120,125,82875.00,"12,431.25",70443.75,79560.00,-9116.25,1/9/2014,9, September ,2014
Small Business,United States of America, Velo , High ,"2,574.00",120,300," 7,72,200.00 "," 1,15,830.00 "," 6,56,370.00 "," 6,43,500.00 ",12870.00,1/11/2013,11, November ,2013
Enterprise,United States of America, Velo , High ,"2,438.00",120,125," 3,04,750.00 ","45,712.50"," 2,59,037.50 "," 2,92,560.00 ",-33522.50,1/12/2013,12, December ,2013
Channel Partners,United States of America, Velo , High ,914,120,12,10968.00,"1,645.20",9322.80,2742.00,6580.80,1/12/2014,12, December ,2014
Government,Canada, VTT , High ,865.5,250,20,17310.00,"2,596.50",14713.50,8655.00,6058.50,1/7/2014,7, July ,2014
Midmarket,Germany, VTT , High ,492,250,15,7380.00,"1,107.00",6273.00,4920.00,1353.00,1/7/2014,7, July ,2014
Government,United States of America, VTT , High ,267,250,20,5340.00,801,4539.00,2670.00,1869.00,1/10/2013,10, October ,2013
Midmarket,Germany, VTT , High ,"1,175.00",250,15,17625.00,"2,643.75",14981.25,11750.00,3231.25,1/10/2014,10, October ,2014
Enterprise,Canada, VTT , High ,"2,954.00",250,125," 3,69,250.00 ","55,387.50"," 3,13,862.50 "," 3,54,480.00 ",-40617.50,1/11/2013,11, November ,2013
Enterprise,Germany, VTT , High ,552,250,125,69000.00,"10,350.00",58650.00,66240.00,-7590.00,1/11/2014,11, November ,2014
Government,France, VTT , High ,293,250,20,5860.00,879,4981.00,2930.00,2051.00,1/12/2014,12, December ,2014
Small Business,France, Amarilla , High ,"2,475.00",260,300," 7,42,500.00 "," 1,11,375.00 "," 6,31,125.00 "," 6,18,750.00 ",12375.00,1/3/2014,3, March ,2014
Small Business,Mexico, Amarilla , High ,546,260,300," 1,63,800.00 ","24,570.00"," 1,39,230.00 "," 1,36,500.00 ",2730.00,1/10/2014,10, October ,2014
Government,Mexico, Montana , High ,"1,368.00",5,7,9576.00,"1,436.40",8139.60,6840.00,1299.60,1/2/2014,2, February ,2014
Government,Canada, Paseo , High ,723,10,7,5061.00,759.15,4301.85,3615.00,686.85,1/4/2014,4, April ,2014
Channel Partners,United States of America, VTT , High ,"1,806.00",250,12,21672.00,"3,250.80",18421.20,5418.00,13003.20,1/5/2014,5, May ,2014
